Date,Revenue,lag_1,lag_7,lag_14,lag_30,rolling_7,rolling_14,rolling_30,rolling_std_7,rolling_std_30
2009-12-01,42554.4,,,,,,,,,
2009-12-02,52398.26,42554.4,,,,,,,,
2009-12-03,61468.76,52398.26,,,,,,,,
2009-12-04,33536.26,61468.76,,,,,,,,
2009-12-05,9803.05,33536.26,,,,,,,,
2009-12-06,24093.66,9803.05,,,,,,,,
2009-12-07,32256.16,24093.66,,,,36587.22142857143,,,17350.477887334426,
2009-12-08,38989.25,32256.16,42554.4,,,36077.91428571429,,,17197.777290043286,
2009-12-09,30543.63,38989.25,52398.26,,,32955.82428571428,,,15655.796364563996,
2009-12-10,37498.58,30543.63,61468.76,,,29531.512857142858,,,9968.21217642982,
2009-12-11,37969.49,37498.58,33536.26,,,30164.83142857143,,,10396.676838143085,
2009-12-13,21330.25,37969.49,9803.05,,,31811.574285714283,,,6988.212545314801,
2009-12-14,50832.45,21330.25,24093.66,,,35631.40142857143,,,9065.508293145005,
2009-12-15,46285.79,50832.45,32256.16,,,37635.63428571429,37111.42785714286,,9722.01744657259,
2009-12-16,36816.25,46285.79,38989.25,42554.4,,37325.205714285716,36701.56,,9706.271968927884,
2009-12-17,27842.29,36816.25,30543.63,52398.26,,36939.3,34947.56214285714,,10067.80141459395,
2009-12-18,31358.66,27842.29,37498.58,61468.76,,36062.16857142857,32796.84071428572,,10276.258915841612,
2009-12-20,11239.74,31358.66,37969.49,33536.26,,32243.632857142857,31204.23214285714,,13808.545445818098,
2009-12-21,13778.87,11239.74,21330.25,9803.05,,31164.864285714288,31488.219285714287,,15043.021164559834,
2009-12-22,10172.05,13778.87,50832.45,24093.66,,25356.235714285714,30493.81857142857,,13996.773897249624,
2009-12-23,9357.25,10172.05,46285.79,32256.16,,20080.73,28858.182142857146,,11536.627573959086,
2010-01-04,13144.52,9357.25,36816.25,38989.25,,16699.054285714286,27012.13,,9005.053393502358,
2010-01-05,18968.69,13144.52,27842.29,30543.63,,15431.397142857142,26185.34857142857,,7705.807132584504,
2010-01-06,8731.26,18968.69,31358.66,37498.58,,12198.91142857143,24130.54,,3520.136591778885,
2010-01-07,72214.46,8731.26,11239.74,37969.49,,20909.585714285717,26576.609285714287,,22891.640776588334,
2010-01-08,29490.28,72214.46,13778.87,21330.25,,23154.07285714286,27159.46857142857,,22846.153778232718,
2010-01-10,22988.65,29490.28,10172.05,50832.45,,24985.015714285717,25170.625714285714,,22134.845981646868,
2010-01-11,19292.14,22988.65,9357.25,46285.79,,26404.285714285714,23242.50785714286,,21267.306368911144,
2010-01-12,38667.88,19292.14,13144.52,36816.25,,30050.48,23374.76714285714,,20797.84103281476,
2010-01-13,9301.960000000001,38667.88,18968.69,27842.29,,28669.518571428573,22050.457857142854,29764.164666666667,21945.564400250623,16482.669683203152
2010-01-14,23177.36,9301.960000000001,8731.26,31358.66,42554.4,30733.247142857144,21466.079285714284,29118.263333333332,20381.624087521184,16343.251076298115
2010-01-15,13282.2,23177.36,72214.46,11239.74,52398.26,22314.352857142858,21611.969285714287,27814.394666666667,9833.337531026298,15978.190166215414
2010-01-17,17350.95,13282.2,29490.28,13778.87,61468.76,20580.16285714286,21867.117857142857,26343.801,9418.569378843604,14757.537250123
2010-01-18,11991.94,17350.95,22988.65,10172.05,33536.26,19009.204285714284,21997.109999999997,25625.657,9856.791910143067,14918.785645007563
2010-01-19,21528.101,11991.94,19292.14,9357.25,9803.05,19328.627285714287,22866.456500000004,26016.492033333336,9903.607518033423,14640.97615542396
2010-01-20,10843.69,21528.101,38667.88,13144.52,24093.66,15353.743,22702.1115,25574.826366666664,5414.1509157216515,14898.56725628114
2010-01-21,26943.63,10843.69,9301.960000000001,18968.69,32256.16,17873.98157142857,23271.75007142857,25397.742033333332,6179.514096654678,14847.900723371053
2010-01-22,27226.2,26943.63,23177.36,8731.26,38989.25,18452.38728571429,24592.817214285715,25005.640366666667,6905.488896660021,14630.32558981894
2010-01-24,15525.93,27226.2,13282.2,72214.46,30543.63,18772.920142857143,20543.636499999997,24505.050366666666,6673.689483081559,14691.100106777287
2010-01-25,18104.3,15525.93,17350.95,29490.28,37498.58,18880.54157142857,19730.352214285715,23858.574366666668,6652.978845407061,14525.392871937665
2010-01-26,37295.66,18104.3,11991.94,22988.65,37969.49,22495.358714285714,20752.2815,23836.11336666667,8810.677228974033,14503.324588961927
2010-01-27,23519.03,37295.66,21528.101,19292.14,21330.25,22779.777142857143,21054.202214285713,23909.0727,8806.382703440562,14495.787495790348
2010-01-28,18314.52,23519.03,10843.69,38667.88,50832.45,23847.03857142857,19600.390785714288,22825.1417,7470.043220404703,13601.332821179483
2010-01-29,14525.850999999999,18314.52,26943.63,9301.960000000001,46285.79,22073.07014285714,19973.525857142853,21766.477066666666,8063.045182141802,12931.843168296413
2010-01-31,18007.31,14525.850999999999,27226.2,23177.36,36816.25,20756.085857142858,19604.23657142857,21139.5124,7830.609923121151,12629.450523234185
2010-02-01,15667.221,18007.31,15525.93,13282.2,27842.29,20776.270285714283,19774.595214285713,20733.676766666664,7815.048240143939,12602.223755351943
2010-02-02,18838.32,15667.221,18104.3,17350.95,31358.66,20881.130285714287,19880.83592857143,20316.3321,7778.058141760291,12444.555761954189
2010-02-03,17088.121,18838.32,37295.66,11991.94,11239.74,17994.339,20244.848857142857,20511.27813333333,2875.3062720643534,12342.85885865859
2010-02-04,22486.01,17088.121,23519.03,21528.101,13778.87,17846.764714285713,20313.27092857143,20801.51613333333,2552.9318925230223,12281.308875419638
2010-02-05,18298.69,22486.01,18314.52,10843.69,10172.05,17844.503285714283,20845.77092857143,21072.404133333337,2552.455456526358,12127.431234712983
2010-02-07,16769.48,18298.69,14525.850999999999,26943.63,9357.25,18165.021714285715,20119.045928571428,21319.478466666667,2179.956833490099,11954.80282964041
2010-02-08,12575.14,16769.48,18007.31,27226.2,13144.52,17388.99742857143,19072.54164285714,21300.499133333335,3041.920433049801,11968.67277665821
2010-02-09,18339.81,12575.14,15667.221,15525.93,18968.69,17770.795857142857,19273.53307142857,21279.536466666665,2956.315830038589,11973.447457222237
2010-02-10,5593.77,18339.81,18838.32,18104.3,8731.26,15878.717285714285,18379.923785714283,21174.95346666667,5393.196971005061,12099.865738156828
2010-02-11,14916.11,5593.77,17088.121,37295.66,72214.46,15568.429999999998,16781.3845,19265.008466666666,5374.468182263859,7359.022079064326
2010-02-12,9669.960000000001,14916.11,22486.01,23519.03,29490.28,13737.565714285713,15792.165214285715,18604.331133333333,4774.655947614984,7298.8305955850465
2010-02-14,17609.24,9669.960000000001,18298.69,18314.52,22988.65,13639.072857142857,15741.788071428571,18425.017466666668,4670.86961270137,7253.3423129018265
2010-02-15,40624.661,17609.24,16769.48,14525.850999999999,19292.14,17046.955857142857,17605.988785714286,19136.1015,11313.922031264407,8309.988428933468
2010-02-16,25418.46,40624.661,12575.14,18007.31,38667.88,18881.715857142855,18135.356642857143,18694.454166666666,11507.602741431861,7553.823897866704
2010-02-17,22541.45,25418.46,18339.81,15667.221,9301.960000000001,19481.950142857146,18626.373,19135.7705,11583.951173799469,7370.689941055898
2010-02-18,34165.36,22541.45,5593.77,18838.32,23177.36,23563.605857142855,19721.16157142857,19502.037166666665,10887.52445496282,7836.727441386801
2010-02-19,18799.6,34165.36,14916.11,17088.121,13282.2,24118.390142857144,19843.41007142857,19685.9505,10464.154692141014,7749.987614884199
2010-02-21,9238.601,18799.6,9669.960000000001,22486.01,17350.95,24056.767428571424,18897.16657142857,19415.538866666666,10564.213256373265,7972.599938478481
2010-02-22,26196.260000000002,9238.601,17609.24,18298.69,11991.94,25283.48457142857,19461.278714285716,19889.016200000002,10182.407903157908,7938.233710843583
2010-02-23,20693.95,26196.260000000002,40624.661,16769.48,21528.101,22436.240142857143,19741.598,19861.211166666664,7649.107919177253,7933.754176879996
2010-02-24,30117.661,20693.95,25418.46,12575.14,10843.69,23107.554571428573,20994.635214285714,20503.676866666665,8144.620529624403,7958.6981580505735
2010-02-25,43368.020000000004,30117.661,22541.45,18339.81,26943.63,26082.778857142857,22782.3645,21051.156533333335,11152.065052221591,8923.426328480296
2010-02-26,11950.091,43368.020000000004,34165.36,5593.77,27226.2,22909.169,23236.38742857143,20541.952899999997,11619.76391780384,8994.47755392825
2010-02-28,16630.44,11950.091,18799.6,14916.11,15525.93,22599.289,23358.839571428573,20578.769900000003,11775.505525042625,8975.477991813497
2010-03-01,23491.4,16630.44,9238.601,9669.960000000001,18104.3,24635.403142857143,24346.08528571428,20758.3399,10208.18899059013,8978.15356474229
2010-03-02,20921.37,23491.4,26196.260000000002,17609.24,37295.66,23881.84742857143,24582.665999999997,20212.530233333335,10268.281090828983,8418.404260468567
2010-03-03,31624.920000000002,20921.37,20693.95,40624.661,23519.03,25443.414571428573,23939.82735714286,20482.726566666668,10530.500293602834,8654.948547050255
2010-03-04,29208.69,31624.920000000002,30117.661,25418.46,18314.52,25313.561571428574,24210.55807142857,20845.865566666667,10468.677928055546,8788.35655330988
2010-03-05,25361.64,29208.69,43368.020000000004,22541.45,14525.850999999999,22741.221571428574,24412.000214285712,21207.058533333333,6895.404462698618,8742.202318933498
2010-03-07,18972.78,25361.64,11950.091,34165.36,18007.31,23744.462857142855,23326.81592857143,21239.240866666667,5415.822768384985,8731.787901961516
2010-03-08,26179.58,18972.78,16630.44,18799.6,15667.221,25108.625714285714,23853.95735714286,21589.652833333337,4439.983290756317,8711.378543955827
2010-03-09,18832.72,26179.58,23491.4,9238.601,18838.32,24443.100000000002,24539.251571428573,21589.466166666665,5032.425060250116,8711.439592004424
2010-03-10,22492.02,18832.72,20921.37,26196.260000000002,17088.121,24667.47857142857,24274.663,21769.596133333336,4881.999636291226,8670.929044116472
2010-03-11,21426.09,22492.02,31624.920000000002,20693.95,22486.01,23210.502857142856,24326.958714285713,21734.265466666668,3878.2445278618698,8670.068615466558
2010-03-12,18897.63,21426.09,29208.69,30117.661,18298.69,21737.494285714285,23525.527928571428,21754.230133333334,3100.5114424336493,8662.571029626059
2010-03-14,8935.15,18897.63,25361.64,43368.020000000004,16769.48,19390.852857142858,21066.037214285716,21493.0858,5321.302038654694,8931.924840133988
2010-03-15,20252.971,8935.15,18972.78,11950.091,12575.14,19573.737285714287,21659.100071428573,21749.0135,5326.535273177274,8776.226345077419
2010-03-16,20082.49,20252.971,26179.58,16630.44,18339.81,18702.72442857143,21905.67507142857,21807.102833333334,4500.794294263782,8758.632624136628
2010-03-17,29365.5,20082.49,18832.72,23491.4,5593.77,20207.407285714286,22325.253642857144,22599.493833333334,6046.655910634545,8304.789683963903
2010-03-18,37050.49,29365.5,22492.02,20921.37,14916.11,22287.188714285712,23477.333642857146,23337.306500000002,8827.644370019763,8577.400732191136
2010-03-19,13142.730000000001,37050.49,21426.09,31624.920000000002,9669.960000000001,21103.85157142857,22157.17721428571,23453.0655,9492.465936793631,8408.356519841474
2010-03-21,20209.04,13142.730000000001,18897.63,29208.69,17609.24,21291.19585714286,21514.345071428572,23539.7255,9454.531949665914,8359.305011287304
2010-03-22,21018.38,20209.04,8935.15,25361.64,40624.661,23017.371571428575,21204.112214285717,22886.182800000002,7776.822695414497,7719.456046920462
2010-03-23,17836.59,21018.38,20252.971,18972.78,25418.46,22672.174285714285,21122.955785714286,22633.453800000003,7971.180239092281,7757.7099566078205
2010-03-24,23707.58,17836.59,20082.49,26179.58,22541.45,23190.044285714284,20946.384357142855,22672.3248,7892.259513385796,7760.154200187168
2010-03-25,24227.84,23707.58,29365.5,18832.72,34165.36,22456.09285714286,21331.750071428574,22341.074133333335,7448.67477171547,7458.893701860036
2010-03-26,29264.21,24227.84,37050.49,22492.02,18799.6,21343.76714285714,21815.47792857143,22689.89446666667,5124.933930200846,7531.898292702033
2010-03-28,22387.7,29264.21,13142.730000000001,21426.09,9238.601,22664.477142857144,21884.16435714286,23128.197766666664,3633.4682237164534,7091.874896649745
2010-03-29,31631.63,22387.7,20209.04,18897.63,26196.260000000002,24296.27571428571,22793.73578571429,23309.376766666664,4742.605485619545,7240.824338478202
2010-03-30,32567.77,31631.63,21018.38,8935.15,20693.95,25946.18857142857,24481.780071428573,23705.170766666666,5378.52785163818,7415.3484288086365
2010-03-31,24330.4,32567.77,17836.59,20252.971,30117.661,26873.875714285714,24773.024999999998,23512.26206666667,4171.177507166918,7317.406844485456
2010-04-01,28071.05,24330.4,23707.58,20082.49,43368.020000000004,27497.22857142857,25343.636428571426,23002.363066666665,3938.700018328501,6355.883398574303
2010-04-06,17453.73,28071.05,24227.84,29365.5,11950.091,26529.49857142857,24492.795714285716,23185.817700000003,5426.902115991003,6100.156308087929
2010-04-07,32066.0,17453.73,29264.21,37050.49,16630.44,26929.75428571429,24136.760714285716,23700.336366666666,5755.582340542258,6178.6285713298885
2010-04-08,39460.25,32066.0,22387.7,13142.730000000001,23491.4,29368.690000000002,26016.583571428575,24232.631366666672,6994.099683006618,6815.092692883496
2010-04-09,14401.82,39460.25,31631.63,20209.04,20921.37,26907.28857142857,25601.782142857144,24015.313033333336,8850.43693328457,7025.035885326793
2010-04-11,19654.2,14401.82,32567.77,21018.38,31624.920000000002,25062.492857142857,25504.34071428571,23616.28903333333,8819.719843339159,6917.043744256632
2010-04-12,24689.391,19654.2,24330.4,17836.59,29208.69,25113.777285714285,25993.8265,23465.64573333333,8815.796268497907,6839.830426872305
2010-04-13,24691.48,24689.391,28071.05,23707.58,25361.64,24630.98157142857,26064.105071428574,23443.307066666668,8718.857095062249,6834.51694101075
2010-04-14,26453.97,24691.48,17453.73,24227.84,18972.78,25916.730142857145,26223.114357142855,23692.680066666668,8127.6187085898755,6802.182471628077
2010-04-15,9181.880000000001,26453.97,32066.0,29264.21,26179.58,22647.57014285714,24788.662214285716,23126.090066666664,9693.459607918125,7279.0886730550765
2010-04-16,17868.51,9181.880000000001,39460.25,22387.7,18832.72,19563.035857142855,24465.86292857143,23093.94973333333,6289.564168447093,7300.795792696566
2010-04-18,23242.45,17868.51,14401.82,31631.63,22492.02,20825.983,23866.635785714287,23118.964066666667,5959.3958794097925,7299.94784679572
2010-04-19,24323.65,23242.45,19654.2,32567.77,21426.09,21493.047285714285,23277.770071428567,23215.5494,6066.742277917502,7295.944792890117
2010-04-20,16752.36,24323.65,24689.391,24330.4,18897.63,20359.18571428571,22736.4815,23144.0404,6111.3307274135195,7350.037497837864
2010-04-21,24075.43,16752.36,24691.48,28071.05,8935.15,20271.178571428572,22451.080071428576,23648.716399999998,6042.594097621846,6843.074701168893
2010-04-22,28063.39,24075.43,26453.97,17453.73,20252.971,20501.09571428571,23208.912928571426,23909.0637,6340.337483420104,6857.986294075139
2010-04-23,14895.35,28063.39,9181.880000000001,32066.0,20082.49,21317.30571428571,21982.437928571428,23736.159033333333,4827.622356467205,7021.23574925858
2010-04-25,16218.73,14895.35,17868.51,39460.25,29365.5,21081.62285714286,20322.329357142855,23297.933366666664,5058.789105298871,7067.887065276986
2010-04-26,29299.58,16218.73,23242.45,14401.82,37050.49,21946.92714285714,21386.45507142857,23039.5697,5932.57207265875,6678.788332935587
2010-04-27,43073.36,29299.58,24323.65,19654.2,13142.730000000001,24625.457142857143,23059.252214285716,24037.25736666667,10013.558819463597,7351.10616029727
2010-04-28,31077.97,43073.36,16752.36,24689.391,20209.04,26671.972857142857,23515.579285714288,24399.55503333333,9591.314117072654,7423.408200019585
2010-04-29,29162.231,31077.97,24075.43,24691.48,21018.38,27398.658714285713,23834.91864285714,24671.016733333334,9554.429020253989,7444.374603638975
2010-04-30,23831.05,29162.231,28063.39,26453.97,17836.59,26794.038714285714,23647.567214285715,24870.832066666666,9638.894216174987,7334.239622239944
2010-05-02,12288.17,23831.05,14895.35,9181.880000000001,23707.58,26421.58442857143,23869.445071428574,24490.18506666667,10208.820279017422,7684.65672266689
2010-05-04,17450.81,12288.17,16218.73,17868.51,24227.84,26597.595857142856,23839.609357142857,24264.284066666667,10012.323774000062,7791.501909027126
2010-05-05,22335.25,17450.81,29299.58,23242.45,29264.21,25602.691571428575,23774.809357142858,24033.318733333334,10045.046841320718,7740.709941352201
2010-05-06,49587.53,22335.25,43073.36,24323.65,22387.7,26533.287285714287,25579.372214285715,24939.979733333334,12037.468980129153,9027.329671359119
2010-05-07,31149.64,49587.53,31077.97,16752.36,31631.63,26543.525857142853,26607.749357142857,24923.9134,12042.008375517356,9015.430646264706
2010-05-09,22798.91,31149.64,29162.231,24075.43,32567.77,25634.48,26516.569357142853,24598.284733333334,12051.554360301414,8905.57318193007
2010-05-10,23960.06,22798.91,23831.05,28063.39,24330.4,25652.91,26223.474357142863,24585.94006666667,12048.435029171495,8906.21397583748
2010-05-11,25128.24,23960.06,12288.17,14895.35,28071.05,27487.205714285716,26954.39507142857,24487.846400000002,10560.107621627816,8882.680166104252
2010-05-12,29622.04,25128.24,17450.81,16218.73,17453.73,29225.95285714286,27911.77435714286,24893.456733333333,9589.584844927183,8828.058245484
2010-05-13,26267.53,29622.04,22335.25,29299.58,32066.0,29787.707142857143,27695.199357142857,24700.1744,9226.974312506625,8728.52185179907
2010-05-14,9964.28,26267.53,49587.53,43073.36,39460.25,24127.242857142857,25330.265071428574,23716.9754,6921.844850266235,8669.630031570347
2010-05-16,18023.75,9964.28,31149.64,31077.97,14401.82,22252.115714285716,24397.820785714284,23837.706400000003,6465.2593090426,8559.961887087069
2010-05-17,21908.32,18023.75,22798.91,29162.231,19654.2,22124.888571428575,23879.684285714287,23912.843733333335,6461.467478832837,8531.820590890124
2010-05-18,24570.66,21908.32,23960.06,23831.05,24689.391,22212.117142857143,23932.51357142857,23908.886033333332,6494.4085414935125,8531.475479658897
2010-05-19,15871.17,24570.66,25128.24,12288.17,24691.48,20889.678571428572,24188.442142857144,23614.8757,6739.510189263095,8654.66847384583
2010-05-20,25051.81,15871.17,29622.04,17450.81,26453.97,20236.788571428573,24731.370714285713,23568.137033333336,5924.6846609740405,8642.58520954397
2010-05-21,22115.83,25051.81,26267.53,22335.25,9181.880000000001,19643.68857142857,24715.69785714286,23999.2687,5405.397167552178,8212.06568765503
2010-05-23,24406.39,22115.83,9964.28,49587.53,17868.51,21706.847142857143,22917.045000000002,24217.198033333334,3523.86915201041,8130.10033567883
2010-05-24,32583.44,24406.39,18023.75,31149.64,23242.45,23786.802857142855,23019.459285714285,24528.564366666666,4982.594371167544,8269.16335193439
2010-05-25,19693.36,32583.44,21908.32,22798.91,24323.65,23470.38,22797.634285714284,24374.22136666667,5187.873562678003,8316.19809563316
2010-05-26,29250.57,19693.36,24570.66,23960.06,16752.36,24138.93857142857,23175.527857142853,24790.828366666665,5635.532790956648,8233.854704890597
2010-05-27,29124.0,29250.57,15871.17,25128.24,24075.43,26032.200000000004,23460.939285714285,24959.11403333333,4508.494713042622,8270.240615581817
2010-05-28,14127.31,29124.0,25051.81,29622.04,28063.39,24471.557142857146,22354.172857142858,24494.578033333335,6398.895033940663,8478.628617618304
2010-05-30,10594.32,14127.31,22115.83,26267.53,14895.35,22825.62714285714,21234.657857142854,24351.210366666666,8304.013159566717,8680.502368569216
2010-06-01,13006.05,10594.32,24406.39,9964.28,16218.73,21197.007142857146,21451.92714285714,24244.121033333337,9028.64210580919,8803.239808833488
2010-06-02,13619.81,13006.05,32583.44,18023.75,29299.58,18487.917142857143,21137.359999999997,23721.46203333333,7804.7758091178175,8956.864155464727
2010-06-03,25753.78,13619.81,19693.36,21908.32,43073.36,19353.691428571427,21412.035714285714,23144.1427,8282.309132159207,8192.032467503182
2010-06-04,11394.53,25753.78,29250.57,24570.66,31077.97,16802.82857142857,20470.88357142857,22488.028033333332,7432.267524570224,8321.898141835532
2010-06-06,25194.23,11394.53,29124.0,15871.17,29162.231,16241.432857142858,21136.816428571427,22355.761333333332,6426.89401224449,8243.32411452411
2010-06-07,41099.06,25194.23,14127.31,25051.81,23831.05,20094.54,22283.04857142857,22931.36166666667,11234.892589648265,8924.616628879334
2010-06-08,45417.06,41099.06,10594.32,22115.83,12288.17,25069.217142857142,23947.42214285714,24035.658,13754.277028000797,9587.275450108751
2010-06-09,35668.94,45417.06,13006.05,24406.39,17450.81,28306.772857142856,24751.890000000003,24642.929,13092.889759254462,9731.692539852975
2010-06-10,15222.05,35668.94,13619.81,32583.44,22335.25,28535.664285714283,23511.790714285715,24405.82233333333,12804.159016810194,9875.44908213421
2010-06-11,27185.41,15222.05,25753.78,19693.36,49587.53,28740.182857142856,24046.937142857143,23659.085000000003,12763.688340373654,8680.317708070746
2010-06-13,21012.170000000002,27185.41,11394.53,29250.57,31149.64,30114.13142857143,23458.480000000003,23321.169333333335,10978.059992869754,8575.348961943759
2010-06-14,20344.11,21012.170000000002,25194.23,29124.0,22798.91,29421.257142857143,22831.345,23239.342666666667,11481.827471121065,8592.199638316273
2010-06-15,26550.53,20344.11,41099.06,14127.31,23960.06,27342.895714285714,23718.717857142856,23325.691666666662,10268.293136508222,8612.68468638097
2010-06-16,29101.95,26550.53,45417.06,10594.32,25128.24,25012.165714285715,25040.691428571427,23458.148666666664,6720.860617589236,8671.716653496935
2010-06-17,-11567.76,29101.95,35668.94,13006.05,29622.04,18264.065714285716,23285.419285714284,22085.155333333336,14004.677530872637,10688.422390271322
2010-06-18,17320.01,-11567.76,15222.05,13619.81,26267.53,18563.774285714284,23549.719285714287,21786.904666666665,13951.07260782944,10692.528121081023
2010-06-20,9065.83,17320.01,27185.41,25753.78,9964.28,15975.26285714286,22357.722857142857,21756.95633333333,13764.508495931033,10727.98298773545
2010-06-21,18105.26,9065.83,21012.170000000002,11394.53,18023.75,15559.99,22837.060714285715,21759.673333333332,13630.416099352964,10727.015180327087
2010-06-22,12329.43,18105.26,20344.11,25194.23,21908.32,14415.035714285714,21918.14642857143,21440.377,13497.541317918944,10864.122661199439
2010-06-23,25095.69,12329.43,26550.53,41099.06,24570.66,14207.201428571427,20775.04857142857,21457.878,13289.127878041814,10869.760533554701
2010-06-24,15732.44,25095.69,29101.95,45417.06,15871.17,12297.271428571428,18654.71857142857,21453.253666666667,11651.49137816764,10872.248474947099
2010-06-25,12356.34,15732.44,-11567.76,35668.94,25051.81,15714.999999999998,16989.532857142858,21030.071333333333,5216.020064934607,10973.949642748701
2010-06-27,17444.42,12356.34,17320.01,15222.05,22115.83,15732.772857142858,17148.27357142857,20874.35766666667,5222.60818017756,10991.140904835249
2010-06-28,42497.74,17444.42,9065.83,27185.41,24406.39,20508.760000000002,18242.011428571426,21477.40266666667,10613.660882706787,11667.129904842132
2010-06-29,31664.920000000002,42497.74,18105.26,21012.170000000002,32583.44,22445.854285714286,19002.922142857144,21446.78533333333,11316.032415647958,11638.14923047289
2010-06-30,28170.55,31664.920000000002,12329.43,20344.11,19693.36,24708.87142857143,19561.95357142857,21729.358333333334,10511.08075923123,11696.872693890295
2010-07-01,28467.01,28170.55,25095.69,26550.53,29250.57,25190.488571428574,19698.845,21703.23966666667,10608.543756263045,11680.362171403254
2010-07-02,16476.25,28467.01,15732.44,29101.95,29124.0,25296.747142857144,18797.009285714284,21281.648,10501.201825533613,11631.432598111447
2010-07-04,10368.34,16476.25,12356.34,-11567.76,14127.31,25012.747142857144,20363.87357142857,21156.349,10927.717430793,11730.980569224954
2010-07-05,30391.18,10368.34,17444.42,17320.01,10594.32,26862.284285714286,21297.528571428567,21816.244333333336,10521.347349091206,11673.02082437656
2010-07-06,19712.38,30391.18,42497.74,9065.83,13006.05,23607.23285714286,22057.99642857143,22039.788666666667,8130.996633504238,11562.171670934347
2010-07-07,22949.74,19712.38,31664.920000000002,18105.26,13619.81,22362.20714285714,22404.030714285713,22350.786333333337,7318.173600527477,11452.843319483198
2010-07-08,18209.61,22949.74,28170.55,12329.43,25753.78,20939.215714285714,22824.043571428574,22099.314000000002,6960.206811211057,11458.36963851694
2010-07-09,29894.98,18209.61,28467.01,25095.69,11394.53,21143.21142857143,23166.850000000002,22715.995666666666,7233.182799916956,11359.795906329777
2010-07-11,7606.33,29894.98,16476.25,15732.44,25194.23,19876.079999999998,22586.413571428573,22129.732333333333,8795.272176351353,11676.904907341428
2010-07-12,15816.27,7606.33,10368.34,12356.34,41099.06,20654.355714285717,22833.551428571427,21286.972666666665,8020.65896765942,11161.618713828924
2010-07-13,17070.58,15816.27,30391.18,17444.42,45417.06,18751.41285714286,22806.84857142857,20342.090000000004,6815.120226740255,10207.507365467625
2010-07-14,16959.4,17070.58,19712.38,42497.74,35668.94,18358.13,20982.68142857143,19718.438666666665,6829.840586475429,9802.295689966862
2010-07-15,52171.5,16959.4,22949.74,31664.920000000002,15222.05,22532.667142857146,22447.437142857143,20950.087,14606.81416602735,11407.710600753891
2010-07-16,19040.46,52171.5,18209.61,28170.55,27185.41,22651.359999999997,21795.28785714286,20678.588666666667,14569.158018413424,11350.977559877972
2010-07-18,14378.25,19040.46,29894.98,28467.01,21012.170000000002,20434.684285714287,20788.94785714286,20457.458,14463.4075745458,11408.72636827236
2010-07-19,28479.86,14378.25,7606.33,16476.25,20344.11,23416.617142857143,21646.34857142857,20728.649666666668,13497.256916666089,11502.251386090336
2010-07-20,22719.44,28479.86,15816.27,10368.34,26550.53,24402.784285714286,22528.57,20600.946666666667,13095.60209566537,11456.561943458979
2010-07-21,18658.07,22719.44,17070.58,30391.18,29101.95,24629.568571428572,21690.490714285716,20252.817333333332,12960.512272792857,11347.494674812107
2010-07-22,20958.91,18658.07,16959.4,19712.38,-11567.76,25200.927142857145,21779.528571428567,21337.039666666664,12650.47011216805,9625.552755173283
2010-07-23,23084.36,20958.91,52171.5,22949.74,17320.01,21045.62142857143,21789.144285714287,21529.184666666668,4404.703197089199,9600.100070257431
2010-07-25,17051.4,23084.36,19040.46,18209.61,9065.83,20761.47,21706.415,21795.370333333332,4614.766150666092,9350.060706255988
2010-07-26,18449.71,17051.4,14378.25,29894.98,18105.26,21343.10714285714,20888.895714285718,21806.852000000003,3873.134478247644,9345.583495082656
2010-07-27,26598.26,18449.71,28479.86,7606.33,12329.43,21074.307142857142,22245.462142857144,22282.479666666666,3321.2608109858907,9208.705415736626
2010-07-28,22870.4,26598.26,22719.44,15816.27,25095.69,21095.87285714286,22749.32857142857,22208.303333333333,3334.1883600346664,9194.214525837777
2010-07-29,28593.96,22870.4,18658.07,17070.58,15732.44,22515.285714285714,23572.42714285714,22637.020666666667,4140.776298786902,9181.690345205929
2010-07-30,13908.68,28593.96,20958.91,16959.4,12356.34,21508.109999999997,23354.518571428573,22688.765333333333,5282.466378826607,9125.959374734337
2010-08-01,30338.16,13908.68,23084.36,52171.5,17444.42,22544.367142857143,21794.99428571429,23118.556666666664,6263.586873585874,9173.949933060392
2010-08-02,25981.87,30338.16,17051.4,19040.46,42497.74,23820.14857142857,22290.809285714287,22568.027666666665,5854.421878997193,8436.850031235785
2010-08-03,21593.11,25981.87,18449.71,14378.25,31664.920000000002,24269.205714285716,22806.15642857143,22232.300666666666,5482.57934051075,8260.934970074062
2010-08-04,16754.57,21593.11,26598.26,28479.86,28170.55,22862.964285714286,21968.635714285716,21851.768,6021.554460361157,8240.871492275302
2010-08-05,22279.06,16754.57,22870.4,22719.44,28467.01,22778.48714285714,21937.18,21645.503,6025.579404034431,8146.485850885449
2010-08-06,13153.76,22279.06,28593.96,18658.07,16476.25,20572.744285714285,21544.015000000003,21534.753333333334,6358.775826700355,8241.217431368492
2010-08-08,13876.35,13153.76,13908.68,20958.91,10368.34,20568.125714285714,21038.117857142857,21651.686999999998,6364.432082448162,8101.0097884723655
2010-08-09,30509.83,13876.35,30338.16,23084.36,30391.18,20592.649999999998,21568.50857142857,21655.642,6408.531793229518,8105.451376410896
2010-08-10,27251.71,30509.83,25981.87,17051.4,19712.38,20774.055714285718,22297.102142857144,21906.952999999998,6601.574434834626,8159.819368656238
2010-08-11,18499.14,27251.71,21593.11,18449.71,22949.74,20332.06,22300.632857142857,21758.599666666665,6641.053884939264,8180.638275228967
2010-08-12,25187.12,18499.14,16754.57,26598.26,18209.61,21536.71,22199.83714285714,21991.183333333334,6648.765320995083,8175.444740145616
2010-08-13,14185.43,25187.12,22279.06,22870.4,29894.98,20380.477142857144,21579.48214285714,21467.531666666666,7180.628975913185,8154.821834855436
2010-08-15,20255.61,14185.43,13153.76,28593.96,7606.33,21395.027142857143,20983.885714285716,21889.174333333336,6454.372731739622,7729.3324463512645
2010-08-16,14124.61,20255.61,13876.35,13908.68,15816.27,21430.492857142857,20999.309285714287,21832.78566666667,6406.67905256881,7781.161432041324
2010-08-17,28395.9,14124.61,30509.83,30338.16,17070.58,21128.502857142856,20860.57642857143,22210.29633333333,5940.221192390398,7816.799242547611
2010-08-18,35089.12,28395.9,27251.71,25981.87,16959.4,22248.132857142857,21511.094285714284,22814.620333333336,7749.7046483929935,8092.789731212411
2010-08-19,30235.5,35089.12,18499.14,21593.11,52171.5,23924.75571428571,22128.407857142854,22083.420333333335,8066.527235229255,6092.696564652418
2010-08-20,22796.2,30235.5,25187.12,16754.57,19040.46,23583.195714285714,22559.952857142856,22208.611666666668,8054.777067009905,6066.544356930672
2010-08-22,22613.41,22796.2,14185.43,22279.06,14378.25,24787.192857142858,22583.835,22483.117000000002,6973.184610424221,5883.567282673478
2010-08-23,20389.87,22613.41,20255.61,13153.76,28479.86,24806.372857142855,23100.7,22213.450666666668,6958.812778033612,5783.787428659242
2010-08-24,24560.95,20389.87,14124.61,13876.35,22719.44,26297.278571428575,23863.885714285716,22274.834333333336,5179.302195255743,5799.094468122719
2010-08-25,28936.31,24560.95,28395.9,30509.83,18658.07,26374.480000000003,23751.49142857143,22617.442333333332,5219.667644834615,5881.08677917357
2010-08-26,31216.81,28936.31,35089.12,27251.71,20958.91,25821.292857142857,24034.71285714286,22959.372333333336,4258.925516476016,6076.294187220203
2010-08-27,12136.94,31216.81,30235.5,18499.14,23084.36,23235.784285714286,23580.27,22594.458333333332,6188.874234430312,6389.198140046981
2010-08-29,14442.95,12136.94,22796.2,25187.12,17051.4,22042.46285714286,22812.829285714288,22507.510000000002,7035.215869065947,6484.274147430944
2010-08-31,20455.17,14442.95,22613.41,14185.43,18449.71,21734.14285714286,23260.66785714286,22574.358666666667,7053.293124063209,6451.251740769716
2010-09-01,19432.91,20455.17,20389.87,20255.61,26598.26,21597.434285714287,23201.903571428567,22335.513666666662,7092.85370258418,6429.743201352693
2010-09-02,31689.37,19432.91,24560.95,14124.61,22870.4,22615.78,24456.529285714285,22629.479333333333,8038.003348608004,6652.773292458398
2010-09-03,34386.37,31689.37,28936.31,28395.9,28593.96,23394.359999999997,24884.420000000002,22822.559666666664,8962.992141260647,6910.894522708068
2010-09-05,12267.76,34386.37,31216.81,35089.12,13908.68,20687.352857142858,23254.32285714286,22767.862333333334,9067.585663623882,6989.919395123372
2010-09-06,23478.74,12267.76,12136.94,30235.5,30338.16,22307.609999999997,22771.697142857145,22539.215,8262.6903235145,6844.423286360011
2010-09-07,24380.65,23478.74,14442.95,22796.2,25981.87,23727.281428571423,22884.872142857144,22485.841,7505.205498675419,6822.8604564994885
2010-09-08,15962.25,24380.65,20455.17,22613.41,21593.11,23085.43571428571,22409.789285714283,22298.145666666667,8007.0166718861055,6924.954137055484
2010-09-09,22699.420000000002,15962.25,19432.91,20389.87,16754.57,23552.079999999998,22574.757142857143,22496.307333333334,7852.363356718374,6845.452688347671
2010-09-10,14902.6,22699.420000000002,31689.37,24560.95,22279.06,21153.97,21884.875,22250.425333333333,7508.874265796009,6984.58872154912
2010-09-12,15520.8,14902.6,34386.37,28936.31,13153.76,18458.888571428575,20926.624285714286,22329.326666666668,4900.528943894519,6891.027857356071
2010-09-13,32644.39,15520.8,12267.76,31216.81,13876.35,21369.835714285717,21028.594285714287,22954.928000000004,6424.875984434417,6948.847806230004
2010-09-14,19602.08,32644.39,23478.74,12136.94,30509.83,20816.027142857143,21561.81857142857,22591.336333333333,6379.717129762941,6824.163881257933
2010-09-15,33531.8,19602.08,24380.65,14442.95,27251.71,22123.334285714285,22925.307857142856,22800.67266666667,7971.048900188445,7064.157170081458
2010-09-16,13067.721000000001,33531.8,15962.25,20455.17,18499.14,21709.830142857147,22397.632928571427,22619.625366666663,8407.080310535697,7245.476591979909
2010-09-17,18782.69,13067.721000000001,22699.420000000002,19432.91,25187.12,21150.297285714285,22351.18864285714,22406.144366666667,8460.410926680715,7261.551607012543
2010-09-19,22768.58,18782.69,14902.6,31689.37,14185.43,22274.008714285712,21713.98935714286,22692.249366666667,8002.2636821955,7093.633263070161
2010-09-20,36612.36,22768.58,15520.8,34386.37,20255.61,25287.088714285717,21872.988642857144,23237.474366666665,8950.319140356114,7515.922208951789
2010-09-21,53618.39,36612.36,32644.39,12267.76,14124.61,28283.374428571427,24826.605071428574,24553.933699999998,13942.369060093193,9146.597813591428
2010-09-22,26189.739999999998,53618.39,19602.08,23478.74,28395.9,29224.46871428572,25020.24792857143,24480.395033333334,13473.163158848958,9123.482801559487
2010-09-23,34197.21,26189.739999999998,33531.8,24380.65,35089.12,29319.527285714285,25721.43078571429,24450.6647,13510.912584497079,9089.108953286473
2010-09-24,44260.6,34197.21,13067.721000000001,15962.25,30235.5,33775.65285714286,27742.7415,24918.168033333335,12351.677441696884,9734.683073172782
2010-09-26,21162.75,44260.6,18782.69,22699.420000000002,22796.2,34115.66142857143,27632.979357142856,24863.7197,11894.471798486084,9751.514575834906
2010-09-27,109893.54,21162.75,22768.58,14902.6,22613.41,46562.08428571428,34418.0465,27773.057366666664,29938.846800485837,18315.951344437934
2010-09-28,27247.89,109893.54,36612.36,15520.8,20389.87,45224.30285714286,35255.695785714284,28001.65803333333,30658.116815257745,18263.346308394823
2010-09-29,35700.29,27247.89,53618.39,32644.39,24560.95,42664.57428571428,35473.974357142855,28372.969366666668,30588.40033240642,18304.172345378345
2010-09-30,34519.15,35700.29,26189.739999999998,19602.08,28936.31,43854.49,36539.47935714286,28559.064033333332,29996.99397599754,18338.444900028102
2010-10-01,33810.31,34519.15,34197.21,33531.8,31216.81,43799.218571428566,36559.37292857143,28645.514033333333,30018.1028601478,18357.50907309457
2010-10-03,38068.62,33810.31,44260.6,13067.721000000001,12136.94,42914.65,38345.15142857143,29509.903366666662,30093.37870749366,18162.85797383306
2010-10-04,34628.17,38068.62,21162.75,18782.69,14442.95,44838.28142857143,39476.97142857143,30182.744033333332,28876.99991419146,17958.184203046843
2010-10-05,26479.04,34628.17,109893.54,22768.58,20455.17,32921.92428571429,39742.00428571429,30383.5397,4362.049392383688,17879.170288785444
2010-10-06,30143.9,26479.04,27247.89,36612.36,19432.91,33335.64,39279.97142857143,30740.572700000004,3840.34456831671,17759.498804392057
2010-10-07,45541.71,30143.9,35700.29,53618.39,31689.37,34741.55714285715,38703.065714285716,31202.31736666667,6028.4026706187615,17963.92106480519
2010-10-08,51002.18,45541.71,34519.15,26189.739999999998,34386.37,37096.275714285715,40475.38285714285,31756.1777,8598.404178153918,18318.13203068613
2010-10-10,23058.66,51002.18,33810.31,34197.21,12267.76,35560.32571428571,39679.772142857146,32115.874366666667,10110.54246743112,18025.873942797964
2010-10-11,39546.94,23058.66,38068.62,44260.6,23478.74,35771.514285714286,39343.08214285714,32651.481033333337,10186.819612165262,17999.08639634088
2010-10-12,45861.49,39546.94,34628.17,21162.75,24380.65,37376.27428571429,41107.27785714286,33367.509033333336,10840.520851730083,18085.775540366732
2010-10-13,46740.54,45861.49,26479.04,109893.54,15962.25,40270.77428571428,36596.349285714285,34393.452033333335,10127.472533993594,17936.748229148336
2010-10-14,85499.86,46740.54,30143.9,27247.89,22699.420000000002,48178.76857142857,40757.20428571429,36486.80003333333,18800.515045923967,20063.46185673698
2010-10-15,35770.4,85499.86,45541.71,35700.29,14902.6,46782.86714285715,40762.21214285714,37182.39336666666,19382.681028258787,19646.753337114285
2010-10-17,30806.58,35770.4,51002.18,34519.15,15520.8,43897.78142857143,40497.028571428564,37691.91936666667,20138.28466665951,19260.00899716587
2010-10-18,34810.3,30806.58,23058.66,33810.31,32644.39,45576.58714285715,40568.45642857143,37764.11636666666,18537.743805131457,19244.488916282888
2010-10-19,41640.67,34810.3,39546.94,38068.62,19602.08,45875.69142857143,40823.60285714286,38498.736033333334,18440.879533345116,18945.601233866197
2010-10-20,43063.66,41640.67,45861.49,34628.17,33531.8,45476.00142857143,41426.13785714285,38816.464700000004,18471.53342390249,18939.356859561783
2010-10-21,32240.18,43063.66,46740.54,26479.04,13067.721000000001,43404.52142857143,41837.64785714285,39455.54666666666,19108.18318391225,18355.000122004414
2010-10-22,30616.010000000002,32240.18,85499.86,30143.9,18782.69,35563.97142857143,41871.37,39849.990666666665,5032.310810116352,18019.5082776986
2010-10-24,28527.14,30616.010000000002,35770.4,45541.71,22768.58,34529.22,40656.04357142857,40041.94266666667,5685.131524485573,17861.251325317568
2010-10-25,27594.23,28527.14,30806.58,51002.18,36612.36,34070.31285714286,38984.04714285715,39741.33833333334,6146.627667189288,17996.33803045577
2010-10-26,41932.68,27594.23,34810.3,23058.66,53618.39,35087.79571428571,40332.19142857142,39351.814666666665,6839.938189776391,17811.130622421977
2010-10-27,30411.64,41932.68,41640.67,39546.94,26189.739999999998,33483.648571428566,39679.67,39492.54466666666,6345.888184592236,17719.993785486728
2010-10-28,19563.57,30411.64,43063.66,45861.49,34197.21,30126.492857142854,37801.24714285714,39004.75666666667,6642.292377153417,18068.769552421847
2010-10-29,34293.05,19563.57,32240.18,46740.54,44260.6,30419.760000000002,36912.14071428571,38672.505000000005,6794.737840280022,18060.432190656134
2010-10-31,29869.21,34293.05,30616.010000000002,85499.86,21162.75,30313.074285714283,32938.52285714285,38962.72033333334,6797.005373169506,17837.945655444655
2010-11-01,19708.920000000002,29869.21,28527.14,35770.4,109893.54,29053.328571428574,31791.274285714288,35956.566333333336,7909.335246478107,12171.186499737687
2010-11-02,39119.72,19708.920000000002,27594.23,30806.58,27247.89,30699.82714285714,32385.07,36352.293999999994,8713.706340962133,12070.857081225433
2010-11-03,41715.06,39119.72,41932.68,34810.3,35700.29,30668.73857142857,32878.26714285714,36552.78633333333,8667.214808990302,12109.543634825743
2010-11-04,82566.09,41715.06,30411.64,41640.67,34519.15,38119.374285714286,35801.51142857143,38154.351,21429.764554109344,14725.919584198193
2010-11-05,40338.86,82566.09,19563.57,43063.66,33810.31,41087.27285714286,35606.88285714285,38371.96933333333,19808.9127402353,14707.738023886704
2010-11-07,31143.66,40338.86,34293.05,32240.18,38068.62,40637.35999999999,35528.56,38141.13733333334,20023.54932351986,14766.88642763424
2010-11-08,31846.641,31143.66,29869.21,30616.010000000002,34628.17,40919.85014285714,35616.46221428571,38048.41969999999,19859.59149637515,14798.40270510598
2010-11-09,46561.2,31846.641,19708.920000000002,28527.14,26479.04,44755.89014285715,36904.60935714286,38717.82503333334,17537.270297529656,14710.965570921851
2010-11-10,73053.02,46561.2,39119.72,27594.23,30143.9,49603.504428571425,40151.665785714285,40148.12903333334,20206.437469954293,15887.517405276454
2010-11-11,56659.68,73053.02,41715.06,41932.68,45541.71,51738.450142857146,41203.59435714286,40518.72803333333,20022.723745512136,16145.24949978905
2010-11-12,35913.16,56659.68,82566.09,30411.64,51002.18,45073.74585714286,41596.560071428576,40015.7607,15245.902419810793,16042.10254570761
2010-11-14,27879.06,35913.16,40338.86,19563.57,23058.66,43293.774428571436,42190.523642857144,40176.4407,16561.427239252353,15889.819193848185
2010-11-15,42762.05,27879.06,31143.66,34293.05,39546.94,44953.544428571426,42795.45221428572,40283.611033333334,15700.630710667636,15896.268057252699
2010-11-16,62332.15,42762.05,31846.641,29869.21,45861.49,49308.61714285715,45114.23364285715,40832.63303333333,15687.135036768908,16372.844831480355
2010-11-17,45235.791,62332.15,46561.2,19708.920000000002,46740.54,49119.273,46937.58157142857,40782.47473333333,15733.75292893684,16356.418489279751
2010-11-18,36531.44,45235.791,73053.02,39119.72,85499.86,43901.90442857144,46752.70442857144,39150.19406666667,12113.275347581395,14015.923080394372
2010-11-19,39165.56,36531.44,56659.68,41715.06,35770.4,41402.74442857143,46570.597285714284,39263.36606666666,10772.961167926085,14001.391415094442
2010-11-21,31961.37,39165.56,35913.16,82566.09,30806.58,40838.203,42955.974428571426,39301.85906666667,11203.520419075981,13978.90942153696
2010-11-22,31530.68,31961.37,27879.06,40338.86,34810.3,41359.863000000005,42326.81871428572,39192.5384,10566.447776616593,14027.984273860366
2010-11-23,45026.89,31530.68,42762.05,31143.66,41640.67,41683.41157142857,43318.478,39305.41240000001,10650.87699507291,14061.944284692103
2010-11-24,37350.56,45026.89,62332.15,31846.641,43063.66,38114.613,43711.615071428576,39114.97573333333,5536.184394952529,14047.970861044994
2010-11-25,67147.94,37350.56,45235.791,46561.2,32240.18,41244.92,45182.0965,40278.56773333334,12298.557998880711,14879.962172038426
2010-11-26,28463.54,67147.94,36531.44,73053.02,30616.010000000002,40092.362857142856,41997.13364285714,40206.81873333333,13161.656673408934,14933.254228591864
2010-11-28,26618.9,28463.54,39165.56,56659.68,28527.14,38299.98285714286,39851.36364285714,40143.21073333333,14127.762819522772,14988.680366422752
2010-11-29,63050.89,26618.9,31961.37,35913.16,27594.23,42741.34285714286,41789.77292857143,41325.09939999999,16491.976506787265,15358.40179140851
2010-11-30,45342.33,63050.89,31530.68,27879.06,41932.68,44714.43571428572,43037.14935714286,41438.7544,15736.085065134883,15375.659364320849
2010-12-01,45867.26,45342.33,45026.89,42762.05,30411.64,44834.48857142857,43258.95007142857,41953.94173333333,15742.070630407768,15251.87155948854
2010-12-02,45656.47,45867.26,37350.56,62332.15,19563.57,46021.04714285715,42067.830071428565,42823.70506666667,15393.113959923428,14663.646483354683
2010-12-03,22553.38,45656.47,67147.94,45235.791,34293.05,39650.39571428572,40447.657857142854,42432.38273333334,14387.362198930978,15050.688293185305
2010-12-05,30970.28,22553.38,28463.54,36531.44,29869.21,40008.50142857143,40050.432142857135,42469.08506666667,14090.647822712543,15020.307406473463
2010-12-06,30258.77,30970.28,26618.9,39165.56,19708.920000000002,40528.48285714286,39414.23285714286,42820.74673333333,13571.792488424531,14586.290333728892
2010-12-07,53061.64,30258.77,63050.89,31961.37,39119.72,39101.44714285714,40921.395000000004,43285.4774,11111.011775435063,14686.065602488583
2010-12-08,37894.06,53061.64,45342.33,31530.68,41715.06,38037.40857142857,41375.92214285714,43158.11073333334,10765.000498133468,14716.691984783596
2010-12-09,37139.86,37894.06,45867.26,45026.89,82566.09,36790.637142857144,40812.56285714287,41643.903066666666,10197.46178735784,12724.257897943966
