Date,Revenue,Orders,Quantity,Revenue_Lag_1,Revenue_Lag_7,Revenue_Lag_14,Revenue_Lag_30,Rolling_Mean_7,Rolling_Mean_30,Rolling_Std_7,DayOfWeek,Month,Quarter,IsWeekend
2009-12-01,43894.87,98,24335,,,,,,,,1,12,4,0
2009-12-02,52762.06,110,29679,43894.87,,,,,,,2,12,4,0
2009-12-03,67413.62,122,48009,52762.06,,,,,,,3,12,4,0
2009-12-04,33913.81,80,19954,67413.62,,,,,,,4,12,4,0
2009-12-05,9803.05,30,5119,33913.81,,,,,,,5,12,4,1
2009-12-06,24390.1,72,11502,9803.05,,,,,,,6,12,4,1
2009-12-07,33002.49,94,15557,24390.1,,,,37882.857142857145,,18884.30704028587,0,12,4,0
2009-12-08,44763.34,102,22241,33002.49,43894.87,,,38006.92428571428,,18933.177720218067,1,12,4,0
2009-12-09,30763.170000000002,77,15881,44763.34,52762.06,,,34864.22571428571,,17871.827818949067,2,12,4,0
2009-12-10,38598.21,87,22534,30763.170000000002,67413.62,,,30747.73857142857,,11197.281537936527,3,12,4,0
2009-12-11,39204.17,65,21212,38598.21,33913.81,,,31503.504285714287,,11617.254656687546,4,12,4,0
2009-12-13,21577.35,69,12205,39204.17,9803.05,,,33185.54714285715,,8342.437493867748,6,12,4,1
2009-12-14,51245.159999999996,80,40815,21577.35,24390.1,,,37021.98428571429,,9689.681423073816,0,12,4,0
2009-12-15,46836.63,94,26401,51245.159999999996,33002.49,,,38998.29,,10133.854175763201,1,12,4,0
2009-12-16,36927.3,90,22044,46836.63,44763.34,43894.87,,37878.85571428571,,9818.785303107941,2,12,4,0
2009-12-17,29758.87,84,15031,36927.3,30763.170000000002,52762.06,,37735.38428571429,,9946.593767308577,3,12,4,0
2009-12-18,31562.72,61,15225,29758.87,38598.21,67413.62,,36730.31428571428,,10197.177073973064,4,12,4,0
2009-12-20,11355.19,32,6236,31562.72,39204.17,33913.81,,32751.88857142857,,13849.647371801475,6,12,4,1
2009-12-21,15549.64,31,8446,11355.19,21577.35,9803.05,,31890.78714285714,,14814.030330941578,0,12,4,0
2009-12-22,10696.59,21,11913,15549.64,51245.159999999996,24390.1,,26098.13428571428,,13883.151790628393,1,12,4,0
2009-12-23,9485.67,13,4321,10696.59,46836.63,33002.49,,20762.282857142858,,11568.931193271785,2,12,4,0
2010-01-04,13415.09,26,10593,9485.67,36927.3,44763.34,,17403.395714285714,,9280.262366172357,0,1,1,0
2010-01-05,19051.19,33,11288,13415.09,29758.87,30763.170000000002,,15873.727142857142,,7642.184429469333,1,1,1,0
2010-01-06,8731.26,13,7458,19051.19,31562.72,38598.21,,12612.089999999998,,3670.1566537365056,2,1,1,0
2010-01-07,72989.38,45,40592,8731.26,11355.19,39204.17,,21416.97428571429,,23028.879471648095,3,1,1,0
2010-01-08,30292.7,44,12694,72989.38,15549.64,21577.35,,23523.125714285714,,23076.96368232676,4,1,1,0
2010-01-10,23157.33,31,13291,30292.7,10696.59,51245.159999999996,,25303.23142857143,,22393.116019471563,6,1,1,1
2010-01-11,19684.49,43,9414,23157.33,9485.67,46836.63,,26760.205714285716,,21506.68678023562,0,1,1,0
2010-01-12,38833.58,36,20782,19684.49,13415.09,36927.3,,30391.41857142857,,21018.24510235922,1,1,1,0
2010-01-13,12391.1,25,6541,38833.58,19051.19,29758.87,,29439.977142857144,30735.004333333334,21754.97553118114,2,1,1,0
2010-01-14,23721.64,55,11788,12391.1,8731.26,31562.72,43894.87,31581.46,30062.563333333335,20047.52908447904,3,1,1,0
2010-01-15,13499.55,44,8414,23721.64,72989.38,11355.19,52762.06,23082.91285714286,28753.813,9293.214729973155,4,1,1,0
2010-01-17,17363.25,39,9910,13499.55,30292.7,15549.64,67413.62,21235.84857142857,27085.467333333334,8897.893264976481,6,1,1,1
2010-01-18,12078.84,35,8319,17363.25,23157.33,10696.59,33913.81,19653.207142857143,26357.635000000002,9466.25995475809,0,1,1,0
2010-01-19,21892.791,45,12939,12078.84,19684.49,9485.67,9803.05,19968.678714285714,26760.626366666667,9504.197022330945,1,1,1,0
2010-01-20,13244.34,35,8208,21892.791,38833.58,13415.09,24390.1,16313.073,26389.101033333332,4791.774634589554,2,1,1,0
2010-01-21,27359.23,48,72900,13244.34,12391.1,19051.19,33002.49,18451.377285714283,26200.992366666665,5949.732775791511,3,1,1,0
2010-01-22,29345.83,42,16974,27359.23,23721.64,8731.26,44763.34,19254.833000000002,25687.075366666668,7056.800076196661,4,1,1,0
2010-01-24,15552.32,49,8700,29345.83,13499.55,72989.38,30763.170000000002,19548.085857142858,25180.047033333332,6816.327253122682,6,1,1,1
2010-01-25,18346.54,45,9104,15552.32,17363.25,30292.7,38598.21,19688.55585714286,24504.99136666667,6773.797375522808,0,1,1,0
2010-01-26,38570.37,81,22305,18346.54,12078.84,23157.33,39204.17,23473.060142857146,24483.8647,8885.041796812757,1,1,1,0
2010-01-27,23722.72,51,16985,38570.37,21892.791,19684.49,21577.35,23734.478571428575,24555.377033333334,8857.675661100215,2,1,1,0
2010-01-28,18914.83,53,10855,23722.72,13244.34,38833.58,51245.159999999996,24544.54857142857,23477.699366666664,7951.341815206231,3,1,1,0
2010-01-29,25382.441,45,9471,18914.83,27359.23,12391.1,46836.63,24262.150142857143,22762.559733333335,7869.396525399072,4,1,1,0
2010-01-31,18261.86,48,10557,25382.441,29345.83,23721.64,36927.3,22678.725857142857,22140.3784,7790.736632610531,6,1,1,1
2010-02-01,16606.931,56,8581,18261.86,15552.32,13499.55,29758.87,22829.384571428574,21701.980433333334,7638.669274175235,0,2,1,0
2010-02-02,19532.03,41,10543,16606.931,18346.54,17363.25,31562.72,22998.740285714284,21300.957433333337,7535.15640065264,1,2,1,0
2010-02-03,17230.061,44,9369,19532.03,38570.37,12078.84,11355.19,19950.124714285714,21496.78646666667,3327.0382805102804,2,2,1,0
2010-02-04,22486.01,62,12794,17230.061,23722.72,21892.791,15549.64,19773.451857142856,21727.9988,3119.691443696429,3,2,1,0
2010-02-05,19420.74,38,9889,22486.01,18914.83,13244.34,10696.59,19845.724714285716,22018.8038,3102.2964296008427,4,2,1,0
2010-02-07,17023.920000000002,29,11179,19420.74,25382.441,27359.23,9485.67,18651.650285714288,22270.0788,2044.1835066426445,6,2,1,1
2010-02-08,13016.04,49,7043,17023.920000000002,18261.86,29345.83,13415.09,17902.24742857143,22256.777133333333,2965.0478237439734,0,2,1,0
2010-02-09,18398.26,51,10629,13016.04,16606.931,15552.32,19051.19,18158.15157142857,22235.012800000004,2911.4379863766408,1,2,1,0
2010-02-10,6082.34,27,3066,18398.26,19532.03,18346.54,8731.26,16236.767285714286,22146.71546666667,5306.513090054635,2,2,1,0
2010-02-11,15061.87,54,9027,6082.34,17230.061,38570.37,72989.38,15927.025714285714,20215.798466666667,5302.148297171144,3,2,1,0
2010-02-12,9728.96,28,7324,15061.87,22486.01,23722.72,30292.7,14104.59,19530.34046666667,4844.644802951638,4,2,1,0
2010-02-14,17772.19,45,10892,9728.96,19420.74,18914.83,23157.33,13869.082857142856,19350.8358,4575.753002471118,6,2,1,1
2010-02-15,42318.211,43,96358,17772.19,17023.920000000002,25382.441,19684.49,17482.553,20105.293166666666,11787.173980046105,0,2,1,0
2010-02-16,25669.010000000002,58,15744,42318.211,13016.04,18261.86,38833.58,19290.120142857144,19666.474166666667,11957.020738303909,1,2,1,0
2010-02-17,26455.22,46,24986,25669.010000000002,18398.26,16606.931,12391.1,20441.11442857143,20135.278166666667,12241.267609644308,2,2,1,0
2010-02-18,35737.24,62,19851,26455.22,6082.34,19532.03,23721.64,24677.528714285716,20535.798166666664,11556.083596605778,3,2,1,0
2010-02-19,18931.99,34,10862,35737.24,15061.87,17230.061,13499.55,25230.403,20716.8795,11103.070456166284,4,2,1,0
2010-02-21,11394.731,37,5555,18931.99,9728.96,22486.01,17363.25,25468.370285714285,20517.92886666667,10726.942146867072,6,2,1,1
2010-02-22,26336.24,46,13423,11394.731,17772.19,19420.74,12078.84,26691.806000000004,20993.17553333333,10177.165364638848,0,2,1,0
2010-02-23,20840.01,44,11574,26336.24,42318.211,17023.920000000002,21892.791,23623.49157142857,20958.082833333334,7589.524340922834,1,2,1,0
2010-02-24,30392.661,59,21941,20840.01,25669.010000000002,13016.04,13244.34,24298.298857142858,21529.69353333333,8000.575326498612,2,2,1,0
2010-02-25,44604.16,66,26014,30392.661,26455.22,18398.26,27359.23,26891.004571428573,22104.524533333333,11140.586914671756,3,2,1,0
2010-02-26,12778.641,32,6798,44604.16,35737.24,6082.34,29345.83,23611.20471428571,21552.284900000002,11476.63841182168,4,2,1,0
2010-02-28,16741.49,53,8419,12778.641,18931.99,15061.87,15552.32,23298.276142857147,21591.9239,11653.982404395621,6,2,1,1
2010-03-01,23933.87,57,21188,16741.49,11394.731,9728.96,18346.54,25089.581714285716,21778.168233333334,10417.453290218928,0,3,1,0
2010-03-02,21667.8,52,11019,23933.87,26336.24,17772.19,38570.37,24422.66171428571,21214.749233333332,10473.62525217064,1,3,1,0
2010-03-03,31849.7,60,20031,21667.8,20840.01,42318.211,23722.72,25995.474571428575,21485.648566666667,10670.756595667379,2,3,1,0
2010-03-04,29966.350000000002,73,18044,31849.7,30392.661,25669.010000000002,18914.83,25934.573,21854.03256666667,10642.657234886374,3,3,1,0
2010-03-05,25361.64,59,17947,29966.350000000002,44604.16,26455.22,25382.441,23185.641571428572,21853.3392,6812.675974420539,4,3,1,0
2010-03-07,19034.6,50,10876,25361.64,12778.641,35737.24,18261.86,24079.350000000002,21879.0972,5504.6920219875055,6,3,1,1
2010-03-08,26605.58,69,13876,19034.6,16741.49,18931.99,16606.931,25488.50571428571,22212.385499999997,4480.465291781813,0,3,1,0
2010-03-09,19665.69,53,11984,26605.58,23933.87,11394.731,19532.03,24878.765714285713,22216.840833333332,4988.874721991739,1,3,1,0
2010-03-10,22905.79,56,17302,19665.69,21667.8,26336.24,17230.061,25055.62142857143,22406.0318,4876.758019686903,2,3,1,0
2010-03-11,21537.09,46,13706,22905.79,31849.7,20840.01,22486.01,23582.391428571427,22374.401133333333,3952.3057836382704,3,3,1,0
2010-03-12,19123.05,35,10586,21537.09,29966.350000000002,30392.661,19420.74,22033.34857142857,22364.47813333333,3056.6427270859085,4,3,1,0
2010-03-14,8947.9,24,4927,19123.05,25361.64,44604.16,17023.920000000002,19688.528571428575,22095.277466666666,5442.46517706641,6,3,1,1
2010-03-15,20536.681,49,13990,8947.9,19034.6,12778.641,13016.04,19903.111571428573,22345.9655,5441.996908914672,0,3,1,0
2010-03-16,21048.78,43,12256,20536.681,26605.58,16741.49,18398.26,19109.283,22434.316166666667,4648.8405121839305,1,3,1,0
2010-03-17,29543.78,44,78565,21048.78,19665.69,23933.87,6082.34,20520.438714285712,23216.36416666667,6114.190112489234,2,3,1,0
2010-03-18,37570.75,81,20574,29543.78,22905.79,21667.8,15061.87,22615.433,23966.66016666667,8931.219879102324,3,3,1,0
2010-03-19,35274.3,52,12780,37570.75,21537.09,31849.7,9728.96,24577.891571428572,24818.1715,10088.983395757812,4,3,1,0
2010-03-21,20485.48,55,12262,35274.3,19123.05,29966.350000000002,17772.19,24772.52442857143,24908.614500000003,9978.751408336624,6,3,1,1
2010-03-22,21494.16,52,12051,20485.48,8947.9,25361.64,42318.211,26564.847285714284,24214.479466666664,7475.458341219025,0,3,1,0
2010-03-23,41826.29,65,54157,21494.16,20536.681,19034.6,25669.010000000002,29606.22,24753.055466666665,8823.435399648268,1,3,1,0
2010-03-24,25970.5,66,13663,41826.29,21048.78,26605.58,26455.22,30309.32285714286,24736.898133333332,8202.096060167994,2,3,1,0
2010-03-25,30503.38,75,16603,25970.5,29543.78,19665.69,35737.24,30446.40857142857,24562.436133333333,8195.184902718616,3,3,1,0
2010-03-26,29867.35,56,20215,30503.38,37570.75,22905.79,18931.99,29345.922857142858,24926.948133333335,7572.625259504791,4,3,1,0
2010-03-28,22402.0,59,14517,29867.35,35274.3,21537.09,11394.731,27507.022857142856,25293.8571,7455.081673522431,6,3,1,1
2010-03-29,31740.38,58,18251,22402.0,20485.48,19123.05,26336.24,29114.865714285716,25473.9951,6879.832781213612,0,3,1,0
2010-03-30,33524.51,68,18224,31740.38,21494.16,8947.9,20840.01,30833.487142857146,25896.811766666666,6119.460548451691,1,3,1,0
2010-03-31,24591.07,67,12506,33524.51,41826.29,20536.681,30392.661,28371.312857142857,25703.425400000004,4090.1655643168447,2,3,1,0
2010-04-01,28646.66,74,16895,24591.07,25970.5,21048.78,44604.16,28753.62142857143,25171.508733333332,3951.065696506932,3,4,2,0
2010-04-06,17900.83,53,12715,28646.66,30503.38,29543.78,12778.641,26953.257142857146,25342.248366666667,5563.238964151788,1,4,2,0
2010-04-07,32146.75,59,22970,17900.83,29867.35,37570.75,16741.49,27278.885714285716,25855.757033333335,5822.885306343247,2,4,2,0
2010-04-08,39866.6,81,25830,32146.75,22402.0,35274.3,23933.87,29773.82857142857,26386.848033333332,7006.298563800559,3,4,2,0
2010-04-09,14668.53,35,8676,39866.6,31740.38,20485.48,21667.8,27334.992857142857,26153.539033333338,8918.114527115955,4,4,2,0
2010-04-11,19732.05,42,11585,14668.53,33524.51,21494.16,31849.7,25364.641428571427,25749.617366666665,8846.0464302354,6,4,2,1
2010-04-12,25912.471,44,12188,19732.05,24591.07,41826.29,29966.350000000002,25553.413,25614.488066666665,8840.885006757479,0,4,2,0
2010-04-13,25736.04,49,14373,25912.471,28646.66,25970.5,25361.64,25137.610142857146,25626.968066666668,8739.016131906363,1,4,2,0
2010-04-14,27054.25,43,16322,25736.04,17900.83,30503.38,19034.6,26445.24157142857,25894.289733333335,8139.979929923464,2,4,2,0
2010-04-15,19538.34,64,10700,27054.25,32146.75,29867.35,26605.58,24644.040142857142,25658.715066666668,8062.706787112067,3,4,2,0
2010-04-16,19363.82,38,14781,19538.34,39866.6,22402.0,19665.69,21715.07157142857,25648.652733333332,4585.227044823425,4,4,2,0
2010-04-18,23934.46,54,12961,19363.82,14668.53,31740.38,22905.79,23038.775857142853,25682.941733333333,3394.9086375128977,6,4,2,1
2010-04-19,24561.04,61,14564,23934.46,19732.05,33524.51,21537.09,23728.63157142857,25783.74006666667,3087.7168971847395,0,4,2,0
2010-04-20,21202.35,62,12416,24561.04,25912.471,24591.07,19123.05,23055.757142857146,25853.05006666667,3045.4227340644647,1,4,2,0
2010-04-21,25873.86,60,11566,21202.35,25736.04,28646.66,8947.9,23075.445714285714,26417.248733333334,3066.0145633261604,2,4,2,0
2010-04-22,35741.2,77,21229,25873.86,27054.25,17900.83,20536.681,24316.43857142857,26924.066033333333,5630.4629323718855,3,4,2,0
2010-04-23,14969.64,52,9829,35741.2,19538.34,32146.75,21048.78,23663.76714285714,26721.428033333334,6477.695508663299,4,4,2,0
2010-04-25,16574.53,46,8380,14969.64,19363.82,39866.6,29543.78,23265.29714285714,26289.1197,6860.752194763828,6,4,2,1
2010-04-26,29734.03,73,17979,16574.53,23934.46,14668.53,37570.75,24093.807142857142,26027.8957,7291.676169609885,0,4,2,0
2010-04-27,43534.06,74,22759,29734.03,24561.04,19732.05,35274.3,26804.23857142857,26303.22103333333,10370.561726016282,1,4,2,0
2010-04-28,31181.87,70,19058,43534.06,21202.35,25912.471,20485.48,28229.88428571428,26659.767366666663,10155.840228802414,2,4,2,0
2010-04-29,29575.671,76,16370,31181.87,25873.86,25736.04,21494.16,28758.714428571428,26929.151066666665,10108.982859510652,3,4,2,0
2010-04-30,24532.95,42,16441,29575.671,35741.2,27054.25,41826.29,27157.535857142855,26352.706400000003,9697.978975458736,4,4,2,0
2010-05-02,12342.17,40,6296,24532.95,14969.64,19538.34,25970.5,26782.182999999997,25898.42873333333,10281.608247541782,6,5,2,1
2010-05-04,18945.33,48,10501,12342.17,16574.53,19363.82,30503.38,27120.868714285716,25513.1604,9922.079234542916,1,5,2,0
2010-05-05,23625.22,66,14814,18945.33,29734.03,23934.46,29867.35,26248.181571428573,25305.0894,9922.582040499512,2,5,2,0
2010-05-06,51704.13,76,30422,23625.22,43534.06,24561.04,22402.0,27415.33442857143,26281.82706666667,12452.669077416302,3,5,2,0
2010-05-07,31976.09,63,22834,51704.13,31181.87,21202.35,31740.38,27528.79442857143,26289.684066666665,12496.248716315635,4,5,2,0
2010-05-09,22852.06,62,11825,31976.09,29575.671,25873.86,33524.51,26568.278571428575,25933.935733333336,12570.875056481966,6,5,2,1
2010-05-10,26496.43,70,14734,22852.06,24532.95,35741.2,24591.07,26848.77571428571,25997.44773333333,12539.75842010502,0,5,2,0
2010-05-11,25201.04,62,17134,26496.43,12342.17,14969.64,28646.66,28685.757142857146,25882.593733333335,10894.38055191406,1,5,2,0
2010-05-12,29744.74,64,21360,25201.04,18945.33,16574.53,17900.83,30228.53,26277.39073333333,10014.23697213786,2,5,2,0
2010-05-13,38966.0,64,26351,29744.74,23625.22,29734.03,32146.75,32420.07,26504.699066666664,10006.909270169263,3,5,2,0
2010-05-14,16895.24,40,13848,38966.0,51704.13,43534.06,39866.6,27447.37142857143,25738.987066666665,7034.209949924287,4,5,2,0
2010-05-16,18370.09,44,11028,16895.24,31976.09,31181.87,14668.53,25503.657142857144,25862.3724,7442.246831216814,6,5,2,1
2010-05-17,23290.76,46,13483,18370.09,22852.06,29575.671,19732.05,25566.328571428574,25980.996066666667,7418.0037721488015,0,5,2,0
2010-05-18,26164.58,60,21947,23290.76,26496.43,24532.95,25912.471,25518.92142857143,25989.3997,7412.127043182713,1,5,2,0
2010-05-19,16575.5,58,9421,26164.58,25201.04,12342.17,25736.04,24286.70142857143,25684.048366666666,8153.659088340677,2,5,2,0
2010-05-20,25331.44,66,15470,16575.5,29744.74,18945.33,27054.25,23656.230000000003,25626.621366666666,7825.298431508298,3,5,2,0
2010-05-21,22494.36,44,9052,25331.44,38966.0,23625.22,19538.34,21303.13857142857,25725.155366666666,3991.937349176108,4,5,2,0
2010-05-23,24824.93,48,13755,22494.36,16895.24,51704.13,19363.82,22435.95142857143,25907.19236666667,3642.43446666473,6,5,2,1
2010-05-24,33536.19,67,32351,24824.93,18370.09,31976.09,23934.46,24602.537142857145,26227.25003333333,5056.833407191702,0,5,2,0
2010-05-25,20415.92,57,14606,33536.19,23290.76,22852.06,24561.04,24191.845714285715,26089.079366666665,5292.379999117738,1,5,2,0
2010-05-26,29586.64,69,18023,20415.92,26164.58,26496.43,21202.35,24680.711428571427,26368.5557,5650.8836085943685,2,5,2,0
2010-05-27,29221.670000000002,83,17496,29586.64,16575.5,25201.04,25873.86,26487.307142857142,26480.14936666667,4540.085338198321,3,5,2,0
2010-05-28,18569.88,49,12005,29221.670000000002,25331.44,29744.74,35741.2,25521.370000000003,25907.772033333335,5454.243470784886,4,5,2,0
2010-05-30,10702.97,31,6204,18569.88,22494.36,38966.0,14969.64,23836.885714285716,25765.5497,7842.750462367235,6,5,2,1
2010-06-01,13093.79,36,7769,10702.97,24824.93,16895.24,16574.53,22161.00857142857,25649.52503333333,8792.329360678386,1,6,2,0
2010-06-02,13714.76,42,11289,13093.79,33536.19,18370.09,29734.03,19329.375714285714,25115.549366666663,7633.781101718956,2,6,2,0
2010-06-03,26644.63,62,16947,13714.76,20415.92,23290.76,43534.06,20219.191428571427,24552.568366666666,8128.52637522,3,6,2,0
2010-06-04,11447.73,34,6389,26644.63,29586.64,26164.58,31181.87,17627.918571428574,23894.763700000003,7512.480991759459,4,6,2,0
2010-06-06,25457.15,68,14079,11447.73,29221.670000000002,16575.5,29575.671,17090.13,23757.479666666666,6626.73248606226,6,6,2,1
2010-06-07,45523.11,99,28736,25457.15,18569.88,25331.44,24532.95,20940.59142857143,24457.15166666667,12688.208566608102,0,6,2,0
2010-06-08,48215.48,74,25001,45523.11,10702.97,22494.36,12342.17,26299.52142857143,25652.92866666667,15297.208670393018,1,6,2,0
2010-06-09,36508.94,63,24843,48215.48,13093.79,24824.93,18945.33,29644.54285714286,26238.38233333333,14465.731143713068,2,6,2,0
2010-06-10,18009.12,62,9677,36508.94,13714.76,33536.19,23625.22,30258.022857142856,26051.179,13750.968719506887,3,6,2,0
2010-06-11,30835.29,74,20517,18009.12,26644.63,20415.92,51704.13,30856.68857142857,25355.551,13658.347077282597,4,6,2,0
2010-06-13,21147.77,69,10942,30835.29,11447.73,29586.64,31976.09,32242.40857142857,24994.607000000004,11714.78095449992,6,6,2,1
2010-06-14,21317.37,51,15586,21147.77,25457.15,29221.670000000002,22852.06,31651.01142857143,24943.450666666668,12208.501387103744,0,6,2,0
2010-06-15,26937.46,46,18633,21317.37,45523.11,18569.88,26496.43,28995.918571428574,24958.15166666667,10604.408347848266,1,6,2,0
2010-06-16,29229.94,77,18495,26937.46,48215.48,10702.97,25201.04,26283.698571428573,25092.448333333337,6505.012447734482,2,6,2,0
2010-06-17,22635.35,69,12892,29229.94,36508.94,13093.79,29744.74,24301.757142857143,24855.468666666668,4746.039821316645,3,6,2,0
2010-06-18,17788.69,47,9315,22635.35,18009.12,13714.76,38966.0,24270.26714285714,24149.558333333334,4795.22651477731,4,6,2,0
2010-06-20,9078.58,26,4487,17788.69,30835.29,26644.63,16895.24,21162.165714285715,23889.003000000004,6557.831903759148,6,6,2,1
2010-06-21,18116.21,43,11305,9078.58,21147.77,11447.73,18370.09,20729.08571428571,23880.54033333333,6658.274133734756,0,6,2,0
2010-06-22,12414.03,41,6355,18116.21,21317.37,25457.15,23290.76,19457.18,23517.98266666667,7342.405949328376,1,6,2,0
2010-06-23,25098.239999999998,61,15489,12414.03,26937.46,45523.11,26164.58,19194.434285714284,23482.438000000002,7057.493330035432,2,6,2,0
2010-06-24,17217.85,47,9410,25098.239999999998,29229.94,48215.48,16575.5,17478.421428571426,23503.849666666665,5498.967815825101,3,6,2,0
2010-06-25,12371.59,40,6502,17217.85,22635.35,36508.94,25331.44,16012.169999999998,23071.854666666666,5257.826617266171,4,6,2,0
2010-06-27,18706.92,55,10851,12371.59,17788.69,18009.12,22494.36,16143.345714285711,22945.60666666667,5320.614770233592,6,6,2,1
2010-06-28,51132.78,68,33808,18706.92,9078.58,30835.29,24824.93,22151.088571428572,23822.535,13487.97258407827,0,6,2,0
2010-06-29,32236.920000000002,68,20301,51132.78,18116.21,21147.77,33536.19,24168.332857142854,23779.226000000002,13835.409014160849,1,6,2,0
2010-06-30,31491.43,75,20254,32236.920000000002,12414.03,21317.37,20415.92,26893.675714285713,24148.409666666666,12987.063536574698,2,6,2,0
2010-07-01,28830.02,81,16217,31491.43,25098.239999999998,26937.46,29586.64,27426.787142857145,24123.189000000002,12977.66864682007,3,7,3,0
2010-07-02,16726.13,44,8599,28830.02,17217.85,29229.94,29221.670000000002,27356.54142857143,23706.671,13043.302403401543,4,7,3,0
2010-07-04,10376.29,21,5302,16726.13,12371.59,22635.35,18569.88,27071.49857142857,23433.55133333333,13441.092767873468,6,7,3,1
2010-07-05,30963.57,81,16155,10376.29,18706.92,17788.69,10702.97,28822.44857142857,24108.904666666665,12959.546756332973,0,7,3,0
2010-07-06,19917.28,54,11148,30963.57,51132.78,9078.58,13093.79,24363.091428571428,24336.354333333333,8660.72734356534,1,7,3,0
2010-07-07,24902.95,60,13410,19917.28,32236.920000000002,18116.21,13714.76,23315.38142857143,24709.294,7965.128016482034,2,7,3,0
2010-07-08,19973.45,65,11697,24902.95,31491.43,12414.03,26644.63,21669.955714285716,24486.921333333335,7141.759130587359,3,7,3,0
2010-07-09,33408.64,25,13024,19973.45,28830.02,25098.239999999998,11447.73,22324.044285714284,25218.951666666664,8057.74685261713,4,7,3,0
2010-07-11,7609.23,26,5711,33408.64,16726.13,17217.85,25457.15,21021.63,24624.021,9685.718355363873,6,7,3,1
2010-07-12,16101.17,47,8861,7609.23,10376.29,12371.59,45523.11,21839.47,23643.289666666667,8841.987591348792,0,7,3,0
2010-07-13,17419.12,49,8822,16101.17,30963.57,18706.92,48215.48,19904.54857142857,22616.744333333332,7949.500132740856,1,7,3,0
2010-07-14,19418.63,52,12055,17419.12,19917.28,51132.78,36508.94,19833.312857142857,22047.067333333332,7951.600962935478,2,7,3,0
2010-07-15,55836.91,78,27673,19418.63,24902.95,32236.920000000002,18009.12,24252.45,23307.99366666667,15880.932603260411,3,7,3,0
2010-07-16,21137.76,62,14039,55836.91,19973.45,31491.43,30835.29,24418.780000000002,22984.74266666667,15834.676689729607,4,7,3,0
2010-07-18,14581.99,39,9382,21137.76,33408.64,28830.02,21147.77,21729.25857142857,22765.883333333335,15651.049439206317,6,7,3,1
2010-07-19,28611.56,56,18120,14581.99,7609.23,16726.13,21317.37,24729.591428571428,23009.022999999997,14460.918462134892,0,7,3,0
2010-07-20,23124.39,54,11707,28611.56,16101.17,10376.29,26937.46,25732.90857142857,22881.920666666665,13998.74681810413,1,7,3,0
2010-07-21,19142.73,46,12555,23124.39,17419.12,30963.57,29229.94,25979.13857142857,22545.68033333333,13842.42538699344,2,7,3,0
2010-07-22,21620.39,61,13161,19142.73,19418.63,19917.28,22635.35,26293.675714285717,22511.84833333333,13692.71293219115,3,7,3,0
2010-07-23,23886.329999999998,38,12828,21620.39,55836.91,24902.95,17788.69,21729.307142857142,22715.103,4322.436095477851,4,7,3,0
2010-07-25,17230.6,54,11531,23886.329999999998,21137.76,19973.45,9078.58,21171.141428571427,22986.837,4651.313756701463,6,7,3,1
2010-07-26,20232.85,52,14216,17230.6,14581.99,33408.64,18116.21,21978.407142857144,23057.391666666666,3712.816691357541,0,7,3,0
2010-07-27,28265.86,64,14179,20232.85,28611.56,7609.23,12414.03,21929.02142857143,23585.786,3610.778324795588,1,7,3,0
2010-07-28,23252.72,63,13351,28265.86,23124.39,16101.17,25098.239999999998,21947.354285714282,23524.268666666663,3618.1772550960777,2,7,3,0
2010-07-29,32801.91,65,12799,23252.72,19142.73,17419.12,17217.85,23898.66571428571,24043.737333333334,5193.736423606292,3,7,3,0
2010-07-30,14363.69,44,8090,32801.91,21620.39,19418.63,12371.59,22861.994285714285,24110.140666666666,6325.237759870741,4,7,3,0
2010-08-01,30637.95,32,9702,14363.69,23886.329999999998,55836.91,18706.92,23826.51142857143,24507.841666666667,6987.559978231342,6,8,3,1
2010-08-02,26124.16,57,11762,30637.95,17230.6,21137.76,51132.78,25097.02,23674.220999999998,6369.586117768262,0,8,3,0
2010-08-03,22362.79,50,15479,26124.16,20232.85,14581.99,32236.920000000002,25401.297142857144,23345.083333333332,6145.425612007951,1,8,3,0
2010-08-04,17555.5,49,10923,22362.79,28265.86,28611.56,31491.43,23871.24571428572,22880.552333333333,6627.731468888483,2,8,3,0
2010-08-05,23145.06,51,16453,17555.5,23252.72,23124.39,28830.02,23855.865714285716,22691.053666666667,6629.530681777406,3,8,3,0
2010-08-06,14728.15,34,9731,23145.06,32801.91,19142.73,16726.13,21273.9,22624.45433333333,6059.726609817694,4,8,3,0
2010-08-08,13950.71,43,8116,14728.15,14363.69,21620.39,10376.29,21214.902857142857,22743.60166666667,6139.699563854065,6,8,3,1
2010-08-09,31336.59,49,100084,13950.71,30637.95,23886.329999999998,30963.57,21314.70857142857,22756.035666666667,6321.398438419061,0,8,3,0
2010-08-10,28209.74,39,18426,31336.59,26124.16,17230.6,19917.28,21612.648571428574,23032.451,6627.590398672831,1,8,3,0
2010-08-11,18629.86,39,7532,28209.74,22362.79,20232.85,24902.95,21079.37285714286,22823.347999999998,6706.879074780097,2,8,3,0
2010-08-12,26031.28,71,17702,18629.86,17555.5,28265.86,19973.45,22290.198571428573,23025.27566666667,6729.714872710456,3,8,3,0
2010-08-13,15150.14,40,12562,26031.28,23145.06,23252.72,33408.64,21148.067142857144,22416.659,7220.950682427934,4,8,3,0
2010-08-15,20484.46,56,16575,15150.14,14728.15,32801.91,7609.23,21970.397142857142,22845.833333333332,6675.130766071665,6,8,3,1
2010-08-16,14270.74,34,10076,20484.46,13950.71,14363.69,16101.17,22016.115714285716,22784.819,6611.844566114758,0,8,3,0
2010-08-17,28802.52,44,18060,14270.74,31336.59,30637.95,17419.12,21654.105714285713,23164.265666666666,6063.07973085966,1,8,3,0
2010-08-18,35122.520000000004,55,22420,28802.52,28209.74,26124.16,19418.63,22641.645714285718,23687.728666666666,7661.166258681591,2,8,3,0
2010-08-19,30663.35,67,22152,35122.520000000004,18629.86,22362.79,55836.91,24360.71571428571,22848.609999999997,7955.372545590056,3,8,3,0
2010-08-20,23250.77,56,18521,30663.35,26031.28,17555.5,21137.76,23963.5,22919.043666666665,7927.425456655695,4,8,3,0
2010-08-22,22677.010000000002,60,13884,23250.77,15150.14,23145.06,14581.99,25038.76714285714,23188.877666666664,6987.4982678106335,6,8,3,1
2010-08-23,20655.35,44,12896,22677.010000000002,20484.46,14728.15,28611.56,25063.18,22923.670666666665,6969.209097159648,0,8,3,0
2010-08-24,26577.16,60,18872,20655.35,14270.74,13950.71,23124.39,26821.239999999998,23038.763,5092.465057664398,1,8,3,0
2010-08-25,30466.76,69,17238,26577.16,28802.52,31336.59,19142.73,27058.988571428574,23416.230666666666,5237.172855824074,2,8,3,0
2010-08-26,31964.34,70,16961,30466.76,35122.520000000004,28209.74,21620.39,26607.820000000003,23761.029,4512.666231656496,3,8,3,0
2010-08-27,12166.64,31,6611,31964.34,30663.35,18629.86,23886.329999999998,23965.432857142856,23370.37266666667,6650.937610998159,4,8,3,0
2010-08-29,14449.3,39,8766,12166.64,23250.77,26031.28,17230.6,22708.079999999998,23277.662666666667,7576.16123922263,6,8,3,1
2010-08-31,22811.75,54,11038,14449.3,22677.010000000002,15150.14,20232.85,22727.328571428574,23363.626,7576.240308883226,1,8,3,0
2010-09-01,20351.36,37,11835,22811.75,20655.35,20484.46,28265.86,22683.90142857143,23099.809333333335,7590.953314554568,2,9,3,0
2010-09-02,33430.57,87,21102,20351.36,26577.16,14270.74,23252.72,23662.96,23439.071,8557.248064444126,3,9,3,0
2010-09-03,34739.159999999996,54,30598,33430.57,30466.76,28802.52,32801.91,24273.302857142855,23503.646,9247.899309174123,4,9,3,0
2010-09-05,12286.710000000001,35,7222,34739.159999999996,31964.34,35122.520000000004,14363.69,21462.212857142855,23434.413333333334,9507.47615361317,6,9,3,1
2010-09-06,23717.79,49,14951,12286.710000000001,12166.64,30663.35,30637.95,23112.377142857145,23203.74133333333,8582.649893682204,0,9,3,0
2010-09-07,24397.45,49,14936,23717.79,14449.3,23250.77,26124.16,24533.541428571425,23146.184333333335,7685.872606729854,1,9,3,0
2010-09-08,16175.22,48,9924,24397.45,22811.75,22677.010000000002,22362.79,23585.46571428571,22939.931999999997,8317.05942446976,2,9,3,0
2010-09-09,23526.38,63,12862,16175.22,20351.36,20655.35,17555.5,24039.04,23138.961333333333,8196.999539900728,3,9,3,0
2010-09-10,15988.35,43,9905,23526.38,33430.57,26577.16,23145.06,21547.294285714284,22900.404333333332,7486.610331622796,4,9,3,0
2010-09-12,15528.75,48,9278,15988.35,34739.159999999996,30466.76,14728.15,18802.95,22927.091000000004,4929.056382496811,6,9,3,1
2010-09-13,32892.16,66,27446,15528.75,12286.710000000001,31964.34,13950.71,21746.585714285717,23558.472666666665,6339.861947610629,0,9,3,0
2010-09-14,19705.02,62,11071,32892.16,23717.79,12166.64,31336.59,21173.332857142854,23170.753666666667,6313.281099538479,1,9,3,0
2010-09-15,33812.4,65,21295,19705.02,24397.45,14449.3,28209.74,22518.325714285715,23357.509000000002,7914.471511532609,2,9,3,0
2010-09-16,27099.271,65,14409,33812.4,16175.22,22811.75,18629.86,24078.90442857143,23639.8227,7522.581383019397,3,9,3,0
2010-09-17,19486.54,45,11401,27099.271,23526.38,20351.36,26031.28,23501.784428571427,23421.6647,7724.295429840619,4,9,3,0
2010-09-19,22783.53,57,13649,19486.54,15988.35,33430.57,15150.14,24472.524428571425,23676.111033333334,7017.315236889155,6,9,3,1
2010-09-20,38563.96,72,24263,22783.53,15528.75,34739.159999999996,20484.46,27763.268714285714,24278.761033333332,7508.115038189086,0,9,3,0
2010-09-21,54698.89,100,35197,38563.96,32892.16,12286.710000000001,14270.74,30878.51585714286,25626.366033333336,12711.671562382337,1,9,3,0
2010-09-22,27208.8,70,14065,54698.89,19705.02,23717.79,28802.52,31950.484428571428,25573.242033333336,11903.049692795412,2,9,3,0
2010-09-23,34305.1,81,20697,27208.8,33812.4,24397.45,35122.520000000004,32020.870142857144,25545.9947,11917.342809169604,3,9,3,0
2010-09-24,47106.39,55,27622,34305.1,27099.271,16175.22,30663.35,34879.03,26094.096033333335,12899.002446197139,4,9,3,0
2010-09-26,21703.9,63,13359,47106.39,19486.54,23526.38,23250.77,35195.79571428571,26042.533700000004,12478.371308885964,6,9,3,1
2010-09-27,115172.24,90,124721,21703.9,22783.53,15988.35,22677.010000000002,48394.18285714286,29125.708033333336,31509.37384691881,0,9,3,0
2010-09-28,40015.41,109,22204,115172.24,38563.96,15528.75,20655.35,48601.53285714286,29771.043366666665,31438.600044007333,1,9,3,0
2010-09-29,36740.03,95,20250,40015.41,54698.89,32892.16,26577.16,46035.98142857143,30109.8057,31590.495784165556,2,9,3,0
2010-09-30,37578.57,81,22891,36740.03,27208.8,19705.02,30466.76,47517.37714285714,30346.866033333336,30793.55954856997,3,9,3,0
2010-10-01,34550.89,64,21567,37578.57,34305.1,33812.4,31964.34,47552.49,30433.08436666667,30776.118309399702,4,10,4,0
2010-10-03,38335.52,75,20272,34550.89,47106.39,27099.271,12166.64,46299.50857142858,31305.380366666664,30975.206597948334,6,10,4,1
2010-10-04,34956.56,76,22556,38335.52,21703.9,19486.54,14449.3,48192.74571428572,31988.9557,29595.632098489856,0,10,4,0
2010-10-05,55108.91,116,34051,34956.56,115172.24,22783.53,22811.75,39612.270000000004,33065.5277,7090.103021440092,1,10,4,0
2010-10-06,30355.010000000002,59,21523,55108.91,40015.41,38563.96,20351.36,38232.212857142855,33398.9827,7893.2439671842785,2,10,4,0
2010-10-07,47610.92,112,28267,30355.010000000002,36740.03,54698.89,33430.57,39785.19714285714,33871.66103333333,8589.441373022522,3,10,4,0
2010-10-08,51836.73,65,39626,47610.92,37578.57,27208.8,34739.159999999996,41822.07714285714,34441.58003333333,9609.015718948072,4,10,4,0
2010-10-10,23139.31,67,12412,51836.73,34550.89,34305.1,12286.710000000001,40191.851428571434,34803.333366666666,11772.646778394748,6,10,4,1
2010-10-11,39962.9,85,23986,23139.31,38335.52,47106.39,23717.79,40424.33428571428,35344.83703333334,11745.916932030574,0,10,4,0
2010-10-12,46566.35,104,28703,39962.9,34956.56,21703.9,24397.45,42082.875714285714,36083.80036666666,11664.560794331801,1,10,4,0
2010-10-13,51564.7,81,39725,46566.35,55108.91,115172.24,16175.22,41576.560000000005,37263.449700000005,11066.502040714307,2,10,4,0
2010-10-14,86945.13,96,37066,51564.7,30355.010000000002,40015.41,23526.38,49660.86285714286,39377.40803333333,19190.696943845593,3,10,4,0
2010-10-15,42398.82,95,20610,86945.13,47610.92,36740.03,15988.35,48916.27714285714,40257.757033333335,19383.632445455743,4,10,4,0
2010-10-17,31176.14,70,18342,42398.82,51836.73,37578.57,15528.75,45964.764285714286,40779.3367,20410.596368139173,6,10,4,1
2010-10-18,36591.44,97,18509,31176.14,23139.31,34550.89,32892.16,47886.49714285714,40902.64603333334,18441.624608544967,0,10,4,0
2010-10-19,46577.64,73,26330,36591.44,39962.9,38335.52,19705.02,48831.46,41798.40003333333,18134.865779042888,1,10,4,0
2010-10-20,43387.26,103,23589,46577.64,46566.35,34956.56,33812.4,48377.30428571429,42117.562033333335,18240.545173603303,2,10,4,0
2010-10-21,32847.8,89,15231,43387.26,51564.7,55108.91,27099.271,45703.46142857143,42309.17966666667,19049.343347953363,3,10,4,0
2010-10-22,32843.94,77,21524,32847.8,86945.13,30355.010000000002,19486.54,37974.72000000001,42754.42633333334,6104.954931004858,4,10,4,0
2010-10-24,28634.59,82,15444,32843.94,42398.82,47610.92,22783.53,36008.40142857143,42949.46166666667,6636.054987642491,6,10,4,1
2010-10-25,27945.06,69,14106,28634.59,31176.14,51836.73,38563.96,35546.81857142857,42595.49833333333,7122.7179753201035,0,10,4,0
2010-10-26,42545.95,98,25020,27945.06,36591.44,23139.31,54698.89,36397.46285714286,42190.40033333333,7607.3440947475865,1,10,4,0
2010-10-27,30480.55,70,15563,42545.95,46577.64,39962.9,27208.8,34097.87857142857,42299.458666666666,6345.435904972545,2,10,4,0
2010-10-28,30701.3,57,13564,30480.55,43387.26,46566.35,34305.1,32285.59857142857,42179.332,4896.273549382364,3,10,4,0
2010-10-29,36100.95,71,22499,30701.3,32847.8,51564.7,47106.39,32750.334285714285,41812.484000000004,5108.325705985181,4,10,4,0
2010-10-31,29947.64,82,16347,36100.95,32843.94,86945.13,21703.9,32336.57714285714,42087.27533333333,5215.648210388065,6,10,4,1
2010-11-01,20730.24,52,12325,29947.64,28634.59,42398.82,115172.24,31207.384285714284,38939.208666666666,6773.658969795839,0,11,4,0
2010-11-02,42866.91,86,23626,20730.24,27945.06,31176.14,40015.41,33339.077142857146,39034.25866666667,7839.93743715626,1,11,4,0
2010-11-03,42870.87,86,23025,42866.91,42545.95,36591.44,36740.03,33385.49428571428,39238.62,7904.230929455589,2,11,4,0
2010-11-04,83876.12,126,58902,42870.87,30480.55,46577.64,37578.57,41013.43285714286,40781.871666666666,20446.791334614285,3,11,4,0
2010-11-05,40907.93,65,19838,83876.12,30701.3,43387.26,34550.89,42471.52285714286,40993.77300000001,19946.664370015802,4,11,4,0
2010-11-07,31345.79,81,18341,40907.93,36100.95,32847.8,38335.52,41792.21428571428,40760.782,20278.001335906585,6,11,4,1
2010-11-08,32303.991,76,18193,31345.79,29947.64,32843.94,34956.56,42128.835857142854,40672.363033333335,20067.06784596546,0,11,4,0
2010-11-09,53013.21,113,32781,32303.991,20730.24,28634.59,55108.91,46740.688714285716,40602.50636666667,17924.883356200186,1,11,4,0
2010-11-10,73575.93000000001,127,33426,53013.21,42866.91,27945.06,30355.010000000002,51127.691571428564,42043.2037,20405.11420720914,2,11,4,0
2010-11-11,59712.61,119,33217,73575.93000000001,42870.87,42545.95,47610.92,53533.654428571426,42446.59336666667,20261.693068154702,3,11,4,0
2010-11-12,36167.25,99,20025,59712.61,83876.12,30480.55,51836.73,46718.101571428575,41924.27736666667,15911.116116898009,4,11,4,0
2010-11-14,27934.71,86,16462,36167.25,40907.93,30701.3,23139.31,44864.78442857142,42084.12403333334,17387.715542515398,6,11,4,1
2010-11-15,42964.04,98,21740,27934.71,31345.79,36100.95,39962.9,46524.53442857143,42184.162033333334,16409.15465682744,0,11,4,0
2010-11-16,63788.840000000004,106,37378,42964.04,32303.991,29947.64,46566.35,51022.37,42758.24503333333,16174.985095184304,1,11,4,0
2010-11-17,45726.741,113,27327,63788.840000000004,53013.21,20730.24,51564.7,49981.44585714286,42563.6464,16259.74804067992,2,11,4,0
2010-11-18,37074.97,96,19353,45726.741,73575.93000000001,42866.91,86945.13,44767.023,40901.307733333335,12947.473595456006,3,11,4,0
2010-11-19,39999.42,100,23892,37074.97,59712.61,42870.87,42398.82,41950.853,40821.32773333333,11177.851674471578,4,11,4,0
2010-11-21,32056.05,96,17985,39999.42,36167.25,83876.12,31176.14,41363.538714285714,40850.65806666667,11631.198738699104,6,11,4,1
2010-11-22,31724.88,89,16898,32056.05,27934.71,40907.93,36591.44,41904.99157142857,40688.439399999996,10971.377970215563,0,11,4,0
2010-11-23,49805.35,128,24919,31724.88,42964.04,31345.79,46577.64,42882.32157142857,40796.02973333334,11378.595912322458,1,11,4,0
2010-11-24,41138.6,117,24336,49805.35,63788.840000000004,32303.991,43387.26,39646.573,40721.074400000005,6702.017606754475,2,11,4,0
2010-11-25,67870.96,146,36908,41138.6,45726.741,53013.21,32847.8,42810.032857142854,41888.51306666667,12643.163309016376,3,11,4,0
2010-11-26,28828.04,78,14797,67870.96,37074.97,73575.93000000001,32843.94,41631.90000000001,41754.64973333334,13613.636973203282,4,11,4,0
2010-11-28,27125.16,90,16290,28828.04,39999.42,59712.61,28634.59,39792.719999999994,41704.335399999996,14697.443671147967,6,11,4,1
2010-11-29,63245.18,98,36434,27125.16,32056.05,36167.25,27945.06,44248.310000000005,42881.00606666667,16569.47466691589,0,11,4,0
2010-11-30,49806.23,116,24650,63245.18,31724.88,27934.71,42545.95,46831.36,43123.0154,15677.12818657276,1,11,4,0
2010-12-01,46192.49,121,24114,49806.23,49805.35,42964.04,30480.55,46315.23714285715,43646.74673333334,15622.275484067335,2,12,4,0
2010-12-02,47197.57,137,31077,46192.49,41138.6,63788.840000000004,30701.3,47180.80428571429,44196.6224,15454.607951519272,3,12,4,0
2010-12-03,23876.63,57,11798,47197.57,67870.96,45726.741,36100.95,40895.90000000001,43789.14506666667,14557.76587772774,4,12,4,0
2010-12-05,31361.28,87,16241,23876.63,28828.04,37074.97,29947.64,41257.79142857143,43836.2664,14235.69609483317,6,12,4,1
2010-12-06,31009.33,94,16115,31361.28,27125.16,39999.42,20730.24,41812.67285714286,44178.90273333333,13656.956082190909,0,12,4,0
2010-12-07,53730.96,71,19404,31009.33,63245.18,32056.05,42866.91,40453.49857142857,44541.03773333333,11466.156137402008,1,12,4,0
2010-12-08,39094.2,111,21497,53730.96,49806.23,31724.88,42870.87,38923.208571428564,44415.148733333335,10699.049914566327,2,12,4,0
2010-12-09,38193.91,98,17383,39094.2,46192.49,49805.35,83876.12,37780.55428571429,42892.4084,10209.210111856322,3,12,4,0
2010-12-10,33488.38,72,15927,38193.91,47197.57,41138.6,40907.93,35822.09857142857,42645.090066666664,9383.154767012804,4,12,4,0
2010-12-12,17102.35,43,10533,33488.38,23876.63,67870.96,31345.79,34854.34428571428,42170.30873333334,11026.033503895653,6,12,4,1
2010-12-13,27578.34,64,15309,17102.35,31361.28,28828.04,32303.991,34313.92428571429,42012.787033333334,11314.701740073815,0,12,4,0
2010-12-14,29235.13,81,17707,27578.34,31009.33,27125.16,53013.21,34060.467142857146,41220.18436666667,11420.442031298877,1,12,4,0
2010-12-15,30251.47,70,18388,29235.13,53730.96,63245.18,73575.93000000001,30706.25428571428,39776.0357,7431.733085175772,2,12,4,0
2010-12-16,48791.87,113,29711,30251.47,39094.2,49806.23,59712.61,32091.635714285716,39412.011033333336,9786.732774836702,3,12,4,0
2010-12-17,19966.36,55,11395,48791.87,38193.91,46192.49,36167.25,29487.7,38871.98136666666,10303.73736156616,4,12,4,0
2010-12-19,7292.95,18,3674,19966.36,33488.38,47197.57,27934.71,25745.495714285713,38183.9227,13010.091329328285,6,12,4,1
2010-12-20,19599.06,50,13419,7292.95,17102.35,23876.63,42964.04,26102.16857142857,37405.09003333333,12765.5725413257,0,12,4,0
2010-12-21,15929.16,27,11062,19599.06,27578.34,31361.28,63788.840000000004,24438.0,35809.767366666674,13289.619231540626,1,12,4,0
2010-12-22,4886.52,14,3074,15929.16,29235.13,31009.33,45726.741,20959.62714285714,34448.426666666666,14912.177606106303,2,12,4,0
2010-12-23,5644.77,17,3220,4886.52,30251.47,53730.96,37074.97,17444.384285714284,33400.753333333334,15253.12112841051,3,12,4,0
2011-01-04,12105.11,35,6950,5644.77,48791.87,39094.2,39999.42,12203.418571428572,32470.943000000003,6448.709986117289,1,1,1,0
2011-01-05,28799.43,48,18369,12105.11,19966.36,38193.91,32056.05,13465.285714285714,32362.389000000003,8694.187117652986,2,1,1,0
2011-01-06,34343.79,46,21534,28799.43,7292.95,33488.38,31724.88,17329.69142857143,32449.686,11156.553606043197,3,1,1,0
2011-01-07,23797.79,47,15122,34343.79,19599.06,17102.35,49805.35,17929.510000000002,31582.767333333333,11408.914054175702,4,1,1,0
2011-01-09,15590.68,48,8125,23797.79,15929.16,27578.34,41138.6,17881.155714285716,30731.170000000002,11419.517488793608,6,1,1,1
2011-01-10,15330.83,34,9380,15590.68,4886.52,29235.13,67870.96,19373.2,28979.832333333332,10037.36775678271,0,1,1,0
2011-01-11,60243.73,53,26072,15330.83,5644.77,30251.47,28828.04,27173.05142857143,30027.022,16636.101130627998,1,1,1,0
2011-01-12,17124.74,42,7883,60243.73,12105.11,48791.87,27125.16,27890.14142857143,29693.674666666666,15973.338944237117,2,1,1,0
2011-01-13,15159.460000000001,41,8309,17124.74,28799.43,19966.36,63245.18,25941.574285714283,28090.817333333332,16661.084342077793,3,1,1,0
2011-01-14,39509.7,38,21098,15159.460000000001,34343.79,7292.95,49806.23,26679.56142857143,27747.599666666665,17200.943869698414,4,1,1,0
2011-01-16,6976.39,25,4086,39509.7,23797.79,19599.06,46192.49,24276.50428571429,26440.396333333334,18773.75114535087,6,1,1,1
2011-01-17,16527.05,46,8692,6976.39,15590.68,15929.16,47197.57,24410.271428571432,25418.04566666667,18704.75712695344,0,1,1,0
2011-01-18,87559.21,32,80605,16527.05,15330.83,4886.52,23876.63,34728.611428571436,27540.798333333336,29606.538800924514,1,1,1,0
2011-01-19,21586.78,33,15869,87559.21,60243.73,5644.77,31361.28,29206.190000000002,27214.98166666667,27590.727087083706,2,1,1,0
2011-01-20,15197.08,34,8171,21586.78,17124.74,12105.11,31009.33,28930.81,26687.906666666666,27740.620688328778,3,1,1,0
2011-01-21,24276.01,34,12694,15197.08,15159.460000000001,28799.43,53730.96,30233.17428571429,25706.075,27194.963474054588,4,1,1,0
2011-01-23,10306.1,27,5200,24276.01,39509.7,34343.79,39094.2,26061.231428571427,24746.471666666668,27768.671916294134,6,1,1,1
2011-01-24,17601.87,44,9587,10306.1,6976.39,23797.79,38193.91,27579.15714285714,24060.070333333333,26825.96930238667,0,1,1,0
2011-01-25,23994.38,59,14443,17601.87,16527.05,15590.68,33488.38,28645.91857142857,23743.603666666666,26459.18702871744,1,1,1,0
2011-01-26,17424.45,53,10418,23994.38,87559.21,15330.83,17102.35,18626.667142857143,23754.340333333337,5049.4079678241,2,1,1,0
2011-01-27,22050.49,50,10902,17424.45,21586.78,60243.73,27578.34,18692.911428571428,23570.07866666667,5097.527205183181,3,1,1,0
2011-01-28,17247.2,37,9164,22050.49,15197.08,17124.74,29235.13,18985.785714285714,23170.481000000003,4918.968699036102,4,1,1,0
2011-01-30,6542.61,24,3383,17247.2,24276.01,15159.460000000001,30251.47,16452.442857142858,22380.185666666664,6152.220263356872,6,1,1,1
2011-01-31,18806.43,57,12417,6542.61,10306.1,39509.7,48791.87,17666.77571428571,21380.671,5545.87504290023,0,1,1,0
2011-02-01,26358.7,58,14995,18806.43,17601.87,6976.39,19966.36,18917.75142857143,21593.749,6443.745460024212,1,2,1,0
2011-02-02,17091.15,56,8908,26358.7,23994.38,16527.05,7292.95,17931.575714285715,21920.355666666666,6053.754354007407,2,2,1,0
2011-02-03,22171.9,45,15427,17091.15,17424.45,87559.21,19599.06,18609.782857142858,22006.117000000002,6250.214259388141,3,2,1,0
2011-02-04,18087.96,45,11254,22171.9,22050.49,21586.78,15929.16,18043.707142857143,22078.077,6063.302334272323,4,2,1,0
2011-02-06,3439.67,11,2036,18087.96,17247.2,15197.08,4886.52,16071.202857142856,22029.84866666667,8225.872560828562,6,2,1,1
2011-02-07,23382.97,38,8567,3439.67,6542.61,24276.01,5644.77,18476.96857142857,22621.122,7395.311268318325,0,2,1,0
2011-02-08,14153.34,38,8664,23382.97,18806.43,10306.1,12105.11,17812.24142857143,22689.396333333334,7567.870203492923,1,2,1,0
2011-02-09,11910.83,23,6144,14153.34,26358.7,17601.87,28799.43,15748.26,22126.443000000003,6777.419910693778,2,2,1,0
2011-02-10,14155.36,40,11767,11910.83,17091.15,23994.38,34343.79,15328.86142857143,21453.495333333332,6771.302614725083,3,2,1,0
2011-02-11,18579.96,38,9575,14155.36,22171.9,17424.45,23797.79,14815.727142857142,21279.567666666666,6284.936383474826,4,2,1,0
2011-02-13,5645.48,20,2723,18579.96,18087.96,22050.49,15590.68,13038.23,20948.060999999998,6931.474160253973,6,2,1,1
2011-02-14,22999.39,36,12339,5645.48,3439.67,17247.2,15330.83,15832.475714285714,21203.679666666667,6333.899468928837,0,2,1,0
2011-02-15,37750.62,53,22082,22999.39,23382.97,6542.61,60243.73,17884.99714285714,20453.909333333333,10284.412723166333,1,2,1,0
2011-02-16,23413.97,62,15729,37750.62,14153.34,18806.43,17124.74,19207.944285714282,20663.550333333333,10319.946884441651,2,2,1,0
2011-02-17,17659.64,55,12747,23413.97,11910.83,26358.7,15159.460000000001,20029.202857142856,20746.889666666666,9861.000050371438,3,2,1,0
2011-02-18,14438.73,35,8610,17659.64,14155.36,17091.15,39509.7,20069.684285714287,19911.19066666667,9833.410883260714,4,2,1,0
2011-02-20,9437.8,26,5218,14438.73,18579.96,22171.9,6976.39,18763.661428571428,19993.237666666668,10638.402391711958,6,2,1,1
2011-02-21,32724.38,33,20376,9437.8,5645.48,18087.96,16527.05,22632.075714285715,20533.148666666664,9975.93945554487,0,2,1,0
2011-02-22,29116.63,50,20921,32724.38,22999.39,3439.67,87559.21,23505.967142857142,18585.06266666667,10276.874760204359,1,2,1,0
2011-02-23,19315.97,53,12139,29116.63,37750.62,23382.97,21586.78,20872.445714285714,18509.369,8162.748967667912,2,2,1,0
2011-02-24,21463.94,53,11558,19315.97,23413.97,14153.34,15197.08,20593.87,18718.264333333336,8094.546652428104,3,2,1,0
2011-02-25,18377.14,45,10038,21463.94,17659.64,11910.83,24276.01,20696.37,18521.635333333335,8055.647661734075,4,2,1,0
2011-02-27,9382.71,33,4823,18377.14,14438.73,14155.36,10306.1,19974.08142857143,18490.855666666666,8893.346710351283,6,2,1,1
2011-02-28,15026.68,51,8387,9382.71,9437.8,18579.96,17601.87,20772.492857142857,18405.016000000003,7995.321789975612,0,2,1,0
2011-03-01,23621.59,56,11566,15026.68,32724.38,5645.48,23994.38,19472.094285714287,18392.58966666667,6284.683978973296,1,3,1,0
2011-03-02,18666.14,42,8608,23621.59,29116.63,22999.39,17424.45,17979.16714285714,18433.979333333333,4637.064252353951,2,3,1,0
2011-03-03,32818.19,47,19119,18666.14,19315.97,37750.62,22050.49,19908.05571428571,18792.902666666665,7318.691469014818,3,3,1,0
2011-03-04,17302.55,45,12930,32818.19,21463.94,23413.97,17247.2,19313.571428571428,18794.74766666667,7340.225610368935,4,3,1,0
2011-03-06,9951.67,26,5026,17302.55,18377.14,17659.64,6542.61,18109.932857142856,18908.382999999998,8163.950697325339,6,3,1,1
2011-03-07,20247.85,58,11088,9951.67,9382.71,14438.73,18806.43,19662.09571428571,18956.430333333334,7204.655324811193,0,3,1,0
2011-03-08,22184.11,44,13811,20247.85,15026.68,9437.8,26358.7,20684.585714285717,18817.277333333335,6940.1900395255925,1,3,1,0
2011-03-09,20320.23,51,11457,22184.11,23621.59,32724.38,17091.15,20212.96285714286,18924.913333333334,6818.445458032119,2,3,1,0
2011-03-10,24429.77,52,15222,20320.23,18666.14,29116.63,22171.9,21036.338571428572,19000.175666666666,6947.305944818895,3,3,1,0
2011-03-11,20894.75,48,9249,24429.77,32818.19,19315.97,18087.96,19332.989999999998,19093.735333333334,4663.485983210598,4,3,1,0
2011-03-13,4117.22,16,2733,20894.75,17302.55,21463.94,3439.67,17449.37142857143,19116.320333333333,7450.385300265755,6,3,1,1
2011-03-14,25866.33,48,16729,4117.22,9951.67,18377.14,23382.97,19722.894285714287,19199.099,7205.28473115372,0,3,1,0
2011-03-15,14896.28,41,7918,25866.33,20247.85,9382.71,14153.34,18958.384285714284,19223.863666666668,7420.984509286057,1,3,1,0
2011-03-16,21715.11,50,12843,14896.28,22184.11,15026.68,11910.83,18891.384285714284,19550.673,7389.055801232677,2,3,1,0
2011-03-17,31976.51,56,19025,21715.11,20320.23,23621.59,14155.36,20556.567142857144,20144.711333333333,8919.622105707474,3,3,1,0
2011-03-18,23334.6,52,13214,31976.51,24429.77,18666.14,18579.96,20400.114285714284,20303.199333333334,8849.692789008566,4,3,1,0
2011-03-20,19880.99,57,13473,23334.6,20894.75,32818.19,5645.48,20255.29142857143,20777.716333333334,8848.543992031453,6,3,1,1
2011-03-21,16020.1,48,9443,19880.99,4117.22,17302.55,22999.39,21955.70285714286,20545.073333333337,5874.238794538296,0,3,1,0
2011-03-22,19016.94,41,13484,16020.1,25866.33,9951.67,37750.62,20977.21857142857,19920.617333333335,5681.569479317833,1,3,1,0
2011-03-23,21566.02,59,13918,19016.94,14896.28,20247.85,23413.97,21930.03857142857,19859.019000000004,5011.573306456023,2,3,1,0
2011-03-24,36496.79,68,18164,21566.02,21715.11,22184.11,17659.64,24041.70714285714,20486.924000000003,7434.438398852018,3,3,1,0
2011-03-25,27271.1,52,13325,36496.79,31976.51,20320.23,14438.73,23369.505714285715,20914.669666666665,6781.471624433505,4,3,1,0
2011-03-27,9189.77,31,4495,27271.1,23334.6,24429.77,9437.8,21348.815714285713,20906.402000000002,8644.955314549841,6,3,1,1
2011-03-28,19961.67,58,11574,9189.77,19880.99,20894.75,32724.38,21360.34142857143,20480.978333333333,8642.72570194048,0,3,1,0
2011-03-29,37190.52,50,24183,19961.67,16020.1,4117.22,29116.63,24384.687142857143,20750.108,10051.782192271114,1,3,1,0
2011-03-30,29523.85,66,20055,37190.52,19016.94,25866.33,19315.97,25885.674285714285,21090.370666666666,9899.978957103733,2,3,1,0
2011-03-31,25621.11,59,14930,29523.85,21566.02,14896.28,21463.94,26464.972857142857,21228.942999999996,9722.130882474203,3,3,1,0
2011-04-01,24487.9,68,18279,25621.11,36496.79,21715.11,18377.14,24749.41714285714,21432.635,8658.218787263655,4,4,2,0
2011-04-03,6872.53,19,5646,24487.9,27271.1,31976.51,9382.71,21835.335714285717,21348.962333333333,10828.739776545108,6,4,2,1
2011-04-04,28998.010000000002,54,12861,6872.53,9189.77,23334.6,15026.68,24665.084285714285,21814.673333333332,9477.261055944913,0,4,2,0
2011-04-05,28667.42,46,15175,28998.010000000002,19961.67,19880.99,23621.59,25908.762857142858,21982.86766666667,9327.202985879097,1,4,2,0
2011-04-06,12698.32,37,8011,28667.42,37190.52,16020.1,18666.14,22409.877142857145,21783.940333333332,8977.032182174245,2,4,2,0
2011-04-07,16780.32,61,10063,12698.32,29523.85,19016.94,32818.19,20589.372857142855,21249.344666666664,8577.162444841077,3,4,2,0
2011-04-08,22673.91,65,12272,16780.32,25621.11,21566.02,17302.55,20168.344285714287,21428.39,8358.552054139735,4,4,2,0
2011-04-10,9879.75,32,5603,22673.91,24487.9,36496.79,9951.67,18081.465714285714,21425.99266666667,8906.023525818373,6,4,2,1
2011-04-11,20179.7,59,13127,9879.75,6872.53,27271.1,20247.85,19982.489999999998,21423.721,7409.100532241976,0,4,2,0
2011-04-12,23988.6,60,14577,20179.7,28998.010000000002,9189.77,22184.11,19266.859999999997,21483.870666666666,6589.803443763328,1,4,2,0
2011-04-13,24450.27,60,18752,23988.6,28667.42,19961.67,20320.23,18664.41,21621.538666666667,5722.902024055195,2,4,2,0
2011-04-14,35682.73,82,18507,24450.27,12698.32,37190.52,24429.77,21947.897142857142,21996.637333333332,7906.427938443005,3,4,2,0
2011-04-15,17999.181,41,11088,35682.73,16780.32,29523.85,20894.75,22122.02014285714,21900.118366666666,7786.161767203087,4,4,2,0
2011-04-17,12630.34,42,8136,17999.181,22673.91,25621.11,4117.22,20687.22442857143,22183.889033333333,8554.948165809206,6,4,2,1
2011-04-18,43671.37,62,26219,12630.34,9879.75,24487.9,25866.33,25514.598714285712,22777.390366666667,10704.10727541737,0,4,2,0
2011-04-19,18811.19,53,12902,43671.37,20179.7,6872.53,14896.28,25319.097285714288,22907.88736666667,10829.546572694218,1,4,2,0
2011-04-20,25715.8,62,17851,18811.19,23988.6,28998.010000000002,21715.11,25565.84014285714,23041.2437,10813.844903442761,2,4,2,0
2011-04-21,27771.04,71,17075,25715.8,24450.27,28667.42,31976.51,26040.23585714286,22901.06136666667,10829.577555507183,3,4,2,0
2011-04-26,21536.86,59,14458,27771.04,35682.73,12698.32,23334.6,24019.397285714287,22841.1367,10019.935805497282,1,4,2,0
2011-04-27,23566.91,61,17658,21536.86,17999.181,16780.32,19880.99,24814.78714285714,22964.0007,9677.533317954805,2,4,2,0
2011-04-28,21312.18,55,13106,23566.91,12630.34,22673.91,16020.1,26055.05,23140.403366666662,8316.325787842537,3,4,2,0
2011-05-01,6958.11,18,3814,21312.18,43671.37,9879.75,19016.94,20810.29857142857,22738.44236666667,6791.834703596858,6,5,2,1
2011-05-03,28877.21,59,11134,6958.11,18811.19,20179.7,21566.02,22248.301428571427,22982.1487,7341.409619887897,1,5,2,0
2011-05-04,27509.81,62,17359,28877.21,25715.8,23988.6,36496.79,22504.588571428572,22682.582699999995,7511.967292805696,2,5,2,0
2011-05-05,25191.79,82,16188,27509.81,27771.04,24450.27,27271.1,22136.124285714286,22613.272366666664,7269.950653298607,3,5,2,0
2011-05-06,30783.33,77,18285,25191.79,21536.86,35682.73,9189.77,23457.048571428575,23333.057699999998,7951.040363890491,4,5,2,0
2011-05-08,18731.98,63,10621,30783.33,23566.91,17999.181,19961.67,22766.344285714287,23292.068033333337,8147.4838018493065,6,5,2,1
2011-05-09,21608.16,63,11679,18731.98,21312.18,12630.34,37190.52,22808.62714285714,22772.656033333333,8139.44342894681,0,5,2,0
2011-05-10,29807.25,70,16381,21608.16,6958.11,43671.37,29523.85,26072.79,22782.1027,4484.449986583427,1,5,2,0
2011-05-11,31848.3,73,18422,29807.25,28877.21,18811.19,25621.11,26497.23142857143,22989.675700000003,4914.136760963113,2,5,2,0
2011-05-12,59827.74,84,37090,31848.3,27509.81,25715.8,24487.9,31114.07857142857,24167.67036666667,13574.381410804037,3,5,2,0
2011-05-13,25815.72,67,13265,59827.74,25191.79,27771.04,6872.53,31203.21142857143,24799.110033333334,13530.992037297763,4,5,2,0
2011-05-15,9667.15,30,4768,25815.72,30783.33,21536.86,28998.010000000002,28186.614285714284,24154.748033333333,15803.233351994666,6,5,2,1
2011-05-16,35706.7,64,15135,9667.15,18731.98,23566.91,28667.42,30611.574285714287,24389.390699999996,15408.069687277393,0,5,2,0
2011-05-17,46361.090000000004,72,25164,35706.7,21608.16,21312.18,12698.32,34147.70714285714,25511.483033333334,15831.970798981145,1,5,2,0
2011-05-18,32775.69,71,18591,46361.090000000004,29807.25,6958.11,16780.32,34571.770000000004,26044.662033333334,15735.79705619434,2,5,2,0
2011-05-19,31521.87,92,17160,32775.69,31848.3,28877.21,22673.91,34525.137142857144,26339.594033333335,15745.693764581847,3,5,2,0
2011-05-20,25351.44,69,15063,31521.87,59827.74,27509.81,9879.75,29599.95142857143,26855.317033333336,11267.165130362158,4,5,2,0
2011-05-22,24102.0,61,12645,25351.44,25815.72,25191.79,20179.7,29355.134285714284,26986.060366666665,11381.136255671629,6,5,2,1
2011-05-23,31232.53,64,17479,24102.0,9667.15,30783.33,23988.6,32435.902857142857,27227.524699999998,7378.4767998951975,0,5,2,0
2011-05-24,32460.83,62,14577,31232.53,35706.7,18731.98,24450.27,31972.207142857143,27494.543366666665,7239.347699944497,1,5,2,0
2011-05-25,21870.71,60,12435,32460.83,46361.090000000004,21608.16,35682.73,28473.58142857143,27034.1427,4541.779243022375,2,5,2,0
2011-05-26,32764.38,61,16146,21870.71,32775.69,29807.25,17999.181,28471.965714285714,27526.316,4539.99537629315,3,5,2,0
2011-05-27,21109.22,56,14828,32764.38,31521.87,31848.3,12630.34,26984.44428571429,27808.945333333333,5051.211346442543,4,5,2,0
2011-05-29,7338.9400000000005,24,4067,21109.22,25351.44,59827.74,43671.37,24411.230000000003,26597.864333333335,9037.12278807077,6,5,2,1
2011-05-31,18133.2,51,10568,7338.9400000000005,24102.0,25815.72,18811.19,23558.544285714284,26575.264666666666,9347.424393173587,1,5,2,0
2011-06-01,15380.39,37,9555,18133.2,31232.53,9667.15,25715.8,21293.95285714286,26230.751,9095.23306578737,2,6,2,0
2011-06-02,28078.91,42,13703,15380.39,32460.83,35706.7,27771.04,20667.964285714286,26241.013333333332,8315.979132487246,3,6,2,0
2011-06-03,15024.11,41,7237,28078.91,21870.71,46361.090000000004,21536.86,19689.878571428573,26023.92166666667,8550.272762564306,4,6,2,0
2011-06-05,25423.760000000002,67,13397,15024.11,32764.38,32775.69,23566.91,18641.218571428573,26085.816666666666,6986.653704832456,6,6,2,1
2011-06-06,16269.03,56,9139,25423.760000000002,21109.22,31521.87,21312.18,17949.762857142858,25917.71166666667,6941.05480073396,0,6,2,0
2011-06-07,33807.85,71,17659,16269.03,7338.9400000000005,25351.44,6958.11,21731.035714285714,26812.702999999998,7392.255470697919,1,6,2,0
2011-06-08,30122.23,82,18809,33807.85,18133.2,24102.0,28877.21,23443.754285714287,26854.203666666665,7797.505274590284,2,6,2,0
2011-06-09,42862.8,82,27153,30122.23,15380.39,31232.53,27509.81,27369.812857142857,27365.970000000005,9738.159242116817,3,6,2,0
2011-06-10,58245.12,44,9833,42862.8,28078.91,32460.83,25191.79,31679.271428571432,28467.74766666667,15230.299913356344,4,6,2,0
2011-06-12,12397.09,38,9454,58245.12,15024.11,21870.71,30783.33,31303.98285714286,27854.873000000003,15733.162643253214,6,6,2,1
2011-06-13,19696.66,52,10653,12397.09,25423.760000000002,32764.38,18731.98,30485.82571428572,27887.029,16230.946243938766,0,6,2,0
2011-06-14,33324.49,52,12960,19696.66,16269.03,21109.22,21608.16,32922.32,28277.573333333337,14972.457488985166,1,6,2,0
2011-06-15,44954.18,50,29446,33324.49,33807.85,7338.9400000000005,29807.25,34514.65285714286,28782.471,15659.287572874822,2,6,2,0
2011-06-16,32252.1,81,19616,44954.18,30122.23,18133.2,31848.3,34818.92,28795.931,15580.208819502432,3,6,2,0
2011-06-17,19053.53,46,11345,32252.1,42862.8,15380.39,59827.74,31417.595714285715,27436.790666666664,16120.989988611014,4,6,2,0
2011-06-19,22421.48,60,15069,19053.53,58245.12,28078.91,25815.72,26299.932857142856,27323.64933333334,11084.513491699056,6,6,2,1
2011-06-20,26110.99,59,14865,22421.48,12397.09,15024.11,9667.15,28259.06142857143,27871.777333333335,9283.300442758251,0,6,2,0
2011-06-21,19827.91,48,13122,26110.99,19696.66,25423.760000000002,35706.7,28277.81142857143,27342.484333333334,9263.235017288265,1,6,2,0
2011-06-22,21143.75,57,15269,19827.91,33324.49,16269.03,46361.090000000004,26537.705714285716,26501.906333333332,9301.211663883538,2,6,2,0
2011-06-23,22469.62,69,13972,21143.75,44954.18,33807.85,32775.69,23325.625714285714,26158.370666666666,4550.381326068162,3,6,2,0
2011-06-24,16016.04,45,9063,22469.62,32252.1,30122.23,31521.87,21006.18857142857,25641.50966666667,3170.8411291825323,4,6,2,0
2011-06-26,7032.36,26,3760,16016.04,19053.53,42862.8,25351.44,19288.87857142857,25030.873666666666,6206.667581366206,6,6,2,1
2011-06-27,13381.75,35,9151,7032.36,22421.48,58245.12,24102.0,17997.488571428574,24673.532,6384.140429192398,0,6,2,0
2011-06-28,30470.88,49,20821,13381.75,26110.99,12397.09,31232.53,18620.329999999998,24648.143666666663,7433.982359193576,1,6,2,0
2011-06-29,12569.78,39,7468,30470.88,19827.91,19696.66,32460.83,17583.454285714284,23985.108666666667,7737.459632837934,2,6,2,0
2011-06-30,41709.24,65,20495,12569.78,21143.75,33324.49,21870.71,20521.381428571425,24646.393,12028.906911409236,3,6,2,0
2011-07-01,12146.44,42,7433,41709.24,22469.62,44954.18,32764.38,19046.641428571427,23959.128333333334,12377.988614389209,4,7,3,0
2011-07-03,5972.7300000000005,25,3091,12146.44,16016.04,32252.1,21109.22,17611.882857142857,23454.57866666667,13333.044805688301,6,7,3,1
2011-07-04,30941.37,37,12056,5972.7300000000005,7032.36,19053.53,7338.9400000000005,21027.455714285716,24241.326333333334,13233.20609144901,0,7,3,0
2011-07-05,25988.510000000002,64,17631,30941.37,13381.75,22421.48,18133.2,22828.42142857143,24503.170000000002,12872.175172186282,1,7,3,0
2011-07-06,22934.22,66,17805,25988.510000000002,30470.88,26110.99,15380.39,21751.755714285715,24754.964333333333,12434.139287194881,2,7,3,0
2011-07-07,27860.38,73,17638,22934.22,12569.78,19827.91,28078.91,23936.127142857145,24747.68,11883.133577755987,3,7,3,0
2011-07-08,17538.5,46,10153,27860.38,41709.24,21143.75,15024.11,20483.164285714283,24831.493000000002,9026.245128673194,4,7,3,0
2011-07-10,5959.54,24,4204,17538.5,12146.44,22469.62,25423.760000000002,19599.321428571428,24182.685666666668,10204.6153768862,6,7,3,1
2011-07-11,20008.83,48,14097,5959.54,5972.7300000000005,16016.04,16269.03,21604.47857142857,24307.345666666668,8277.924126626329,0,7,3,0
2011-07-12,17938.49,45,11537,20008.83,30941.37,7032.36,33807.85,19746.924285714285,23778.367000000002,7225.562749287876,1,7,3,0
2011-07-13,19411.52,56,15251,17938.49,25988.510000000002,13381.75,30122.23,18807.354285714286,23421.343333333334,6686.1561400551045,2,7,3,0
2011-07-14,31979.04,69,17049,19411.52,22934.22,30470.88,42862.8,20099.471428571433,23058.551333333333,8296.619999848268,3,7,3,0
2011-07-15,11814.7,37,6359,31979.04,27860.38,12569.78,58245.12,17807.231428571427,21510.870666666666,8006.545309700201,4,7,3,0
2011-07-17,16926.15,50,10809,11814.7,17538.5,41709.24,12397.09,17719.75285714286,21661.839333333333,8013.313163911987,6,7,3,1
2011-07-18,22001.63,46,12701,16926.15,5959.54,12146.44,19696.66,20011.480000000003,21738.67166666667,6171.802809520192,0,7,3,0
2011-07-19,46583.01,62,28400,22001.63,20008.83,5972.7300000000005,33324.49,23807.79142857143,22180.622333333336,11787.770751907063,1,7,3,0
2011-07-20,27021.06,53,15341,46583.01,17938.49,30941.37,44954.18,25105.301428571427,21582.85166666667,11531.123868680317,2,7,3,0
2011-07-21,30271.94,70,19533,27021.06,19411.52,25988.510000000002,32252.1,26656.79,21516.846333333335,11366.809107437964,3,7,3,0
2011-07-22,14628.880000000001,37,8325,30271.94,31979.04,22934.22,19053.53,24178.195714285714,21369.358000000004,11892.339005868298,4,7,3,0
2011-07-24,26777.92,57,17569,14628.880000000001,11814.7,27860.38,22421.48,26315.79857142857,21514.572666666663,10571.057030428994,6,7,3,1
2011-07-25,19676.55,53,14271,26777.92,16926.15,17538.5,26110.99,26708.71285714286,21300.091333333334,10208.79465861299,0,7,3,0
2011-07-26,17284.301,46,12637,19676.55,22001.63,5959.54,19827.91,26034.80871428572,21215.304366666667,10714.48250860393,1,7,3,0
2011-07-27,22846.13,44,13224,17284.301,46583.01,20008.83,21143.75,22643.825857142856,21272.05036666667,5719.0989276535565,2,7,3,0
2011-07-28,54171.95,78,29683,22846.13,27021.06,17938.49,22469.62,26522.52442857143,22328.794700000002,13327.921007142182,3,7,3,0
2011-07-29,17166.75,62,11165,54171.95,30271.94,19411.52,16016.04,24650.354428571427,22367.1517,13630.469084031745,4,7,3,0
2011-07-31,33112.36,41,19398,17166.75,14628.880000000001,31979.04,7032.36,27290.85157142857,23236.485033333334,13147.294633895797,6,7,3,1
2011-08-01,19778.12,39,11256,33112.36,26777.92,11814.7,13381.75,26290.880142857146,23449.69736666667,13455.399003153892,0,8,3,0
2011-08-02,20272.0,41,14223,19778.12,19676.55,16926.15,30470.88,26375.94442857143,23109.734700000005,13408.414506140609,1,8,3,0
2011-08-03,26572.83,62,16125,20272.0,17284.301,22001.63,12569.78,27702.87714285714,23576.503033333334,12804.745266951824,2,8,3,0
2011-08-04,62074.19,79,40092,26572.83,22846.13,46583.01,41709.24,33306.885714285716,24255.3347,17896.61876045575,3,8,3,0
2011-08-05,19703.95,52,12162,62074.19,54171.95,27021.06,12146.44,28382.885714285716,24507.251700000004,15820.35765894996,4,8,3,0
2011-08-07,7541.91,29,5174,19703.95,17166.75,30271.94,5972.7300000000005,27007.90857142857,24559.557699999998,17306.130571279715,6,8,3,1
2011-08-08,19743.98,38,12430,7541.91,33112.36,14628.880000000001,30941.37,25098.140000000003,24186.31136666667,17257.765166117773,0,8,3,0
2011-08-09,25949.920000000002,40,15821,19743.98,19778.12,26777.92,25988.510000000002,25979.825714285715,24185.02503333333,17097.58306335421,1,8,3,0
2011-08-10,19853.41,43,12326,25949.920000000002,20272.0,19676.55,22934.22,25920.027142857143,24082.331366666665,17121.588437239847,2,8,3,0
2011-08-11,54325.27,64,36444,19853.41,26572.83,17284.301,27860.38,29884.661428571428,24964.494366666666,20229.088539164317,3,8,3,0
2011-08-12,17970.170000000002,46,11049,54325.27,62074.19,22846.13,17538.5,23584.087142857144,24978.88336666667,14624.208473134257,4,8,3,0
2011-08-14,5701.87,25,3172,17970.170000000002,19703.95,54171.95,5959.54,21583.79,24970.294366666665,16124.07488753493,6,8,3,1
2011-08-15,17235.95,48,10173,5701.87,7541.91,17166.75,20008.83,22968.652857142853,24877.86503333333,15100.878278390248,0,8,3,0
2011-08-16,16072.710000000001,50,10461,17235.95,19743.98,33112.36,17938.49,22444.185714285715,24815.672366666666,15294.05767522351,1,8,3,0
2011-08-17,48554.44,51,24794,16072.710000000001,25949.920000000002,19778.12,19411.52,25673.402857142857,25787.103033333333,18257.005520853952,2,8,3,0
2011-08-18,54034.98,67,34016,48554.44,19853.41,20272.0,31979.04,30556.484285714287,26522.301033333333,20830.68591860567,3,8,3,0
2011-08-19,17326.07,55,10663,54034.98,54325.27,26572.83,11814.7,25270.884285714284,26706.013366666666,18339.53185224739,4,8,3,0
2011-08-21,14410.25,38,8075,17326.07,17970.170000000002,62074.19,16926.15,24762.324285714283,26622.15003333333,18622.894003747017,6,8,3,1
2011-08-22,29617.26,63,15527,14410.25,5701.87,19703.95,22001.63,28178.808571428573,26876.004366666664,16630.47411400275,0,8,3,0
2011-08-23,22384.02,60,13698,29617.26,17235.95,7541.91,46583.01,28914.247142857144,26069.371366666666,16173.452255501663,1,8,3,0
2011-08-24,38371.37,72,27328,22384.02,16072.710000000001,19743.98,27021.06,32099.77,26447.715033333334,15400.122037373643,2,8,3,0
2011-08-25,22441.26,72,13151,38371.37,48554.44,25949.920000000002,30271.94,28369.315714285713,26186.692366666666,13832.926774924743,3,8,3,0
2011-08-26,24095.49,44,16763,22441.26,54034.98,19853.41,14628.880000000001,24092.24571428571,26502.246033333333,7953.879006260394,4,8,3,0
2011-08-28,10686.56,37,6701,24095.49,17326.07,54325.27,26777.92,23143.74428571429,25965.86736666667,9194.371814965383,6,8,3,1
2011-08-30,8805.17,23,4207,10686.56,14410.25,17970.170000000002,19676.55,22343.018571428573,25603.48803333333,10263.62100538185,1,8,3,0
2011-08-31,20527.89,42,11542,8805.17,29617.26,5701.87,17284.301,21044.537142857145,25711.607666666667,9752.17259622995,2,8,3,0
2011-09-01,37358.62,76,27850,20527.89,22384.02,17235.95,22846.13,23183.765714285717,26195.357333333333,11568.277133749427,3,9,3,0
2011-09-02,30203.86,64,15375,37358.62,38371.37,16072.710000000001,54171.95,22016.97857142857,25396.421000000006,10099.825652316094,4,9,3,0
2011-09-04,16930.43,49,10863,30203.86,22441.26,48554.44,17166.75,21229.717142857142,25388.54366666667,10274.510263945676,6,9,3,1
2011-09-05,35439.91,67,22266,16930.43,24095.49,54034.98,33112.36,22850.34857142857,25466.128666666667,11609.80311605307,0,9,3,0
2011-09-06,25466.97,61,14451,35439.91,10686.56,17326.07,19778.12,24961.835714285717,25655.756999999998,10298.911592736222,1,9,3,0
2011-09-07,21967.420000000002,46,13731,25466.97,8805.17,14410.25,20272.0,26842.157142857144,25712.271,7741.499614776955,2,9,3,0
2011-09-08,23048.38,72,15979,21967.420000000002,20527.89,29617.26,26572.83,27202.227142857148,25594.789333333334,7452.070409597037,3,9,3,0
2011-09-09,25082.86,58,15989,23048.38,37358.62,22384.02,62074.19,25448.547142857144,24361.745000000003,5958.352215704587,4,9,3,0
2011-09-11,35206.92,75,20906,25082.86,30203.86,38371.37,19703.95,26163.27,24878.510666666665,6856.247830390513,6,9,3,1
2011-09-12,27777.36,67,16323,35206.92,16930.43,22441.26,7541.91,27712.83142857143,25553.02566666667,5516.653176013111,0,9,3,0
2011-09-13,48116.5,63,35000,27777.36,35439.91,24095.49,19743.98,29523.772857142856,26498.776333333335,9275.83023693073,1,9,3,0
2011-09-14,22013.75,65,13433,48116.5,25466.97,10686.56,25949.920000000002,29030.455714285716,26367.57066666667,9613.232380207146,2,9,3,0
2011-09-15,71926.69,79,27638,22013.75,21967.420000000002,8805.17,19853.41,36167.49428571428,28103.346666666668,18203.134465334897,3,9,3,0
2011-09-16,23245.03,46,14125,71926.69,23048.38,20527.89,54325.27,36195.58714285714,27067.338666666667,18179.649910875396,4,9,3,0
2011-09-18,15639.55,27,8937,23245.03,25082.86,37358.62,17970.170000000002,34846.54285714286,26989.65133333333,19447.864237344722,6,9,3,1
2011-09-19,46588.21,69,29241,15639.55,35206.92,30203.86,5701.87,36472.44142857142,28352.529333333332,19952.22875111823,0,9,3,0
2011-09-20,103377.68,67,42599,46588.21,27777.36,16930.43,17235.95,47272.48714285714,31223.92033333333,31550.932865388066,1,9,3,0
2011-09-21,38472.1,67,19615,103377.68,48116.5,35439.91,16072.710000000001,45894.71571428572,31970.566666666666,31718.067578413353,2,9,3,0
2011-09-22,57734.98,111,32749,38472.1,22013.75,25466.97,48554.44,50997.74857142857,32276.58466666667,30066.092723570102,3,9,3,0
2011-09-23,31753.75,58,19786,57734.98,71926.69,21967.420000000002,54034.98,45258.75714285714,31533.877,29227.77880530195,4,9,3,0
2011-09-25,31164.781,75,19424,31753.75,23245.03,23048.38,17326.07,46390.15014285715,31995.16736666667,28374.44258865733,6,9,3,1
2011-09-26,29265.511,65,15238,31164.781,15639.55,25082.86,14410.25,48336.716,32490.342733333335,26305.208544683992,0,9,3,0
2011-09-27,29212.32,75,19505,29265.511,46588.21,35206.92,29617.26,45854.446,32476.844733333335,27298.771578401276,1,9,3,0
2011-09-28,39001.91,80,24026,29212.32,103377.68,27777.36,22384.02,36657.90742857143,33030.7744,10143.455411253291,2,9,3,0
2011-09-29,44671.27,103,26957,39001.91,38472.1,48116.5,38371.37,37543.503142857146,33240.77106666667,10589.073399116965,3,9,3,0
2011-09-30,40023.44,70,21646,44671.27,57734.98,22013.75,22441.26,35013.283142857144,33826.843733333335,6142.8971058098105,4,9,3,0
2011-10-02,11479.98,34,8322,40023.44,31753.75,71926.69,24095.49,32117.030285714285,33406.326733333335,10884.88972025033,6,10,4,1
2011-10-03,62143.07,65,24553,11479.98,31164.781,23245.03,10686.56,36542.50014285714,35121.54373333333,15676.137616126554,0,10,4,0
2011-10-04,38532.090000000004,74,23016,62143.07,29265.511,15639.55,8805.17,37866.29714285715,36112.441066666666,15347.011493514241,1,10,4,0
2011-10-05,73975.56999999999,94,45854,38532.090000000004,29212.32,46588.21,20527.89,44261.04714285714,37894.0304,19815.494962433433,2,10,4,0
2011-10-06,60258.53,116,34513,73975.56999999999,39001.91,103377.68,37358.62,47297.707142857136,38657.36073333333,20492.416687746347,3,10,4,0
2011-10-07,49089.47,85,29636,60258.53,44671.27,38472.1,30203.86,47928.87857142858,39286.88106666667,20466.063172524136,4,10,4,0
2011-10-09,12215.51,38,7263,49089.47,40023.44,57734.98,16930.43,43956.31714285714,39129.717066666664,24548.042950766798,6,10,4,1
2011-10-10,42962.8,90,24990,12215.51,11479.98,31753.75,35439.91,48453.86285714286,39380.48006666666,20084.478485504464,0,10,4,0
2011-10-11,46401.14,78,26633,42962.8,62143.07,31164.781,25466.97,46205.01571428571,40078.28573333333,19156.09450815753,1,10,4,0
2011-10-12,27655.2,82,16151,46401.14,38532.090000000004,29265.511,21967.420000000002,44651.17428571428,40267.8784,20289.8030734397,2,10,4,0
2011-10-13,32850.25,74,17813,27655.2,73975.56999999999,29212.32,23048.38,38776.12857142858,40594.6074,15852.36652957686,3,10,4,0
2011-10-14,32071.62,70,17189,32850.25,60258.53,39001.91,25082.86,34749.427142857145,40827.56606666666,12765.459521761244,4,10,4,0
2011-10-16,21767.94,35,8649,32071.62,49089.47,44671.27,35206.92,30846.35142857143,40379.60006666667,11789.726600489172,6,10,4,1
2011-10-17,46868.65,85,30056,21767.94,12215.51,40023.44,27777.36,35796.8,41015.9764,9764.247126230524,0,10,4,0
2011-10-18,37248.16,77,26865,46868.65,42962.8,11479.98,48116.5,34980.42285714286,40653.698399999994,9292.763493049748,1,10,4,0
2011-10-19,37227.88,77,18185,37248.16,46401.14,62143.07,22013.75,33669.95714285714,41160.83606666666,7965.862172003614,2,10,4,0
2011-10-20,60910.3,86,40833,37227.88,27655.2,38532.090000000004,71926.69,38420.68571428572,40793.62306666667,12440.54381603137,3,10,4,0
2011-10-21,60364.01,62,24211,60910.3,32850.25,73975.56999999999,23245.03,42351.22285714286,42030.9224,14554.144047160304,4,10,4,0
2011-10-23,12156.57,42,6953,60364.01,32071.62,60258.53,15639.55,39506.21571428572,41914.82306666666,18349.963762159397,6,10,4,1
2011-10-24,38897.89,73,23661,12156.57,21767.94,49089.47,46588.21,41953.351428571434,41658.47906666667,16653.98522308846,0,10,4,0
2011-10-25,36113.86,72,25608,38897.89,46868.65,12215.51,103377.68,40416.95285714285,39416.35173333333,16621.006783440997,1,10,4,0
2011-10-26,34105.36,92,20101,36113.86,37248.16,42962.8,38472.1,39967.98142857143,39270.79373333333,16762.712229769048,2,10,4,0
2011-10-27,55747.2,104,32418,34105.36,37227.88,46401.14,57734.98,42613.59857142857,39204.5344,17693.74503512608,3,10,4,0
2011-10-28,37194.58,65,22966,55747.2,60910.3,27655.2,31753.75,39225.638571428564,39385.8954,15772.656976490953,4,10,4,0
2011-10-30,34397.95,96,19943,37194.58,60364.01,32850.25,31164.781,35516.201428571425,39493.6677,12733.267526844078,6,10,4,1
2011-10-31,33006.87,63,15161,34397.95,12156.57,32071.62,29265.511,38494.81571428571,39618.37966666667,7866.977117031442,0,10,4,0
2011-11-01,29069.56,76,16530,33006.87,38897.89,21767.94,29212.32,37090.76857142857,39613.621,8623.702912164934,1,11,4,0
2011-11-02,38536.44,83,26592,29069.56,36113.86,46868.65,39001.91,37436.851428571434,39598.10533333334,8626.574384019146,2,11,4,0
2011-11-03,60536.09,100,33435,38536.44,34105.36,37248.16,44671.27,41212.67,40126.93266666667,12035.953499611122,3,11,4,0
2011-11-04,55716.47,87,33416,60536.09,55747.2,37227.88,40023.44,41208.27999999999,40650.03366666667,12029.772629350393,4,11,4,0
2011-11-06,42508.590000000004,101,23085,55716.47,37194.58,60910.3,11479.98,41967.42428571429,41684.320666666674,11901.256902554305,6,11,4,1
2011-11-07,28602.73,90,16358,42508.590000000004,34397.95,60364.01,62143.07,41139.53571428572,40566.30933333333,12690.940411340544,0,11,4,0
2011-11-08,38151.91,99,21582,28602.73,33006.87,12156.57,38532.090000000004,41874.541428571436,40553.63666666667,12283.890759400387,1,11,4,0
2011-11-09,61241.58,118,36888,38151.91,29069.56,38897.89,73975.56999999999,46470.544285714284,40129.170333333335,12705.745228926822,2,11,4,0
2011-11-10,70373.03,125,37955,61241.58,38536.44,36113.86,60258.53,51018.62857142858,40466.32033333334,14900.77788097932,3,11,4,0
2011-11-11,36932.07,93,23844,70373.03,60536.09,34105.36,49089.47,47646.62571428572,40061.07366666667,15057.973116213108,4,11,4,0
2011-11-13,28416.01,83,19610,36932.07,55716.47,55747.2,12215.51,43746.56,40601.09033333334,16117.671110390029,6,11,4,1
2011-11-14,58595.22,104,32050,28416.01,42508.590000000004,37194.58,42962.8,46044.65,41122.171,17032.603748273526,0,11,4,0
2011-11-15,47535.51,104,26773,58595.22,28602.73,34397.95,46401.14,48749.33285714286,41159.98333333333,15206.645846599178,1,11,4,0
2011-11-16,48154.12,124,29010,47535.51,38151.91,33006.87,27655.2,50178.22000000001,41843.280666666666,14498.329474382039,2,11,4,0
2011-11-17,55683.49,136,30235,48154.12,61241.58,29069.56,32850.25,49384.20714285714,42604.388666666666,13932.612901920396,3,11,4,0
2011-11-18,36606.25,103,20224,55683.49,70373.03,38536.44,32071.62,44560.381428571425,42755.543,10989.135967036522,4,11,4,0
2011-11-20,29642.39,98,18457,36606.25,36932.07,60536.09,21767.94,43518.99857142857,43018.024666666664,12119.754130053507,6,11,4,1
2011-11-21,45202.01,96,24494,29642.39,28416.01,55716.47,46868.65,45916.99857142858,42962.47,10130.893977644933,0,11,4,0
2011-11-22,49438.55,130,31596,45202.01,58595.22,42508.590000000004,37248.16,44608.90285714286,43368.81633333334,8712.981711271896,1,11,4,0
2011-11-23,71722.75,130,38287,49438.55,47535.51,28602.73,37227.88,48064.22285714286,44518.645333333334,13530.935698160663,2,11,4,0
2011-11-24,38359.69,109,22812,71722.75,48154.12,38151.91,60910.3,46665.01857142857,43766.958333333336,14017.743477782567,3,11,4,0
2011-11-25,26542.33,73,14142,38359.69,55683.49,61241.58,60364.01,42501.99571428572,42639.569,15172.657680427312,4,11,4,0
2011-11-27,16969.25,56,10307,26542.33,36606.25,70373.03,12156.57,39696.71000000001,42799.991666666676,17996.903146263838,6,11,4,1
2011-11-28,51632.21,114,27932,16969.25,29642.39,36932.07,38897.89,42838.112857142856,43224.469000000005,17868.12368132867,0,11,4,0
2011-11-29,48640.57,126,25886,51632.21,45202.01,28416.01,36113.86,43329.33571428571,43642.026,17990.786823967148,1,11,4,0
2011-11-30,41396.79,99,24423,48640.57,49438.55,58595.22,34105.36,42180.51285714286,43885.07366666666,17791.309392144012,2,11,4,0
2011-12-01,44405.37,118,24810,41396.79,71722.75,47535.51,55747.2,38278.030000000006,43507.01266666667,12414.942247625155,3,12,4,0
2011-12-02,44526.1,114,25524,44405.37,38359.69,48154.12,37194.58,39158.94571428571,43751.39666666666,12638.462254633532,4,12,4,0
2011-12-04,20232.0,62,11321,44526.1,26542.33,55683.49,34397.95,38257.469999999994,43279.198333333334,13854.879054664027,6,12,4,1
2011-12-05,58081.090000000004,116,38347,20232.0,16969.25,36606.25,33006.87,44130.590000000004,44115.005666666664,11902.932909661438,0,12,4,0
2011-12-06,45989.66,110,27736,58081.090000000004,51632.21,29642.39,29069.56,43324.51142857143,44679.009,11494.291127255981,1,12,4,0
2011-12-07,69230.6,104,41011,45989.66,48640.57,45202.01,38536.44,46265.944285714286,45702.147666666664,15138.324030271535,2,12,4,0
2011-12-08,50395.96,113,27476,69230.6,41396.79,49438.55,60536.09,47551.54,45364.14333333333,15037.687092939792,3,12,4,0
2011-12-09,184347.66,41,90553,50395.96,44405.37,71722.75,55716.47,67543.29571428572,49651.849666666676,53638.26399166733,4,12,4,0
